product_name,url,image1_url,image2_url,product_price,description,sale_price,old_price,original_price,current_price,color,image_url,mpn,reference_code,category_id,Stock Status,color_homogeneizado,Categoria,Fondo,Modelo
Pantalón chándal interlock,https://www.pullandbear.com/es/pantalon-chandal-interlock-l03680524?cS=707&pelement=662021190,https://static.pullandbear.net/assets/public/3bbe/c8ba/15374eadbf76/b81bf0aaf7e1/03680524707-M/03680524707-M.jpg?ts=1738832887259&w=438&f=auto,https://static.pullandbear.net/assets/public/1f10/b7e2/5539419280a6/18133cc36959/03680524707-A2M/03680524707-A2M.jpg?ts=1738832885097&w=438&f=auto,22.99,"Pantalón jogger chándal en tejido interlock, con bolsillos, cintura elástica con cordón y confeccionada en algodón.",,,,22.99,Tostado,https://static.pullandbear.net/assets/public/2ef7/e253/13ac4d33a251/2c162d1dc5d7/03680524707-C/03680524707-C.jpg?ts=1734024119421&w=106&f=auto,3680/524,03680524,1030204719,In stock,Marrón claro,Pantalón,Blanco,Modelo
Pantalón chándal baggy,https://www.pullandbear.com/es/pantalon-chandal-baggy-l07679500?cS=803&pelement=662027213,https://static.pullandbear.net/assets/public/3426/180a/3fb54938b507/3f288498f3e7/07679500803-A7M/07679500803-A7M.jpg?ts=1736441514208&w=438&f=auto,https://static.pullandbear.net/assets/public/1b02/7242/e84e4460a917/962d9bd2e1d5/07679502803-M/07679502803-M.jpg?ts=1736441512919&w=438&f=auto,22.99,"Pantalón de chándal jogger de corte baggy, con detalle de logo engomado, bolsillos laterales, cintura elástica con cordón y confeccionada en algodón.",,,,22.99,Gris vigoré,https://static.pullandbear.net/assets/public/a4ca/3288/8a954a68b683/2031334c26a9/07679502803-C/07679502803-C.jpg?ts=1737973424011&w=106&f=auto,7679/500,07679500,1030204719,In stock,Gris,Pantalón,Blanco,Modelo
Pantalón jogger cargo,https://www.pullandbear.com/es/pantalon-jogger-cargo-l07678502?cS=400&pelement=662014772,https://static.pullandbear.net/assets/public/8f28/9a9e/8b5b4cfb84ee/52006268d6c9/07678502400-M/07678502400-M.jpg?ts=1731060350791&w=438&f=auto,https://static.pullandbear.net/assets/public/b15f/92e2/89944da3aa74/d19fb7afed9b/07678502400-A2M/07678502400-A2M.jpg?ts=1718619488029&w=438&f=auto,25.99,"Pantalón jogger cargo con cintura elástica con cordón, bolsillos y bajos elásticos.",,,,25.99,Azul,https://static.pullandbear.net/assets/public/a674/d5f2/a9df4a33a1d1/5d2b4ee901fd/07678502400-C/07678502400-C.jpg?ts=1731060381847&w=106&f=auto,7678/502,07678502,1030204719,In stock,Azul,Pantalón,Blanco,Modelo
Pantalón jogger cargo,https://www.pullandbear.com/es/pantalon-jogger-cargo-l07678502?cS=805&pelement=662014777,https://static.pullandbear.net/2/photos//2024/I/0/2/p/7678/502/805/7678502805_4_1_0.jpg?imwidth=%3Awidth%3A&ts=1718357053465&w=438&f=auto,https://static.pullandbear.net/assets/public/1ddc/4a5f/bbf14d089b4d/8d220fb47037/07678502805-A2M/07678502805-A2M.jpg?ts=1718357019273&w=438&f=auto,25.99,"Pantalón jogger cargo con cintura elástica con cordón, bolsillos y bajos elásticos.",,,,25.99,Hielo,https://static.pullandbear.net/assets/public/bc49/399f/cb0b44ff93b9/af54d26084f4/07678502805-C/07678502805-C.jpg?ts=1718024932970&w=106&f=auto,7678/502,07678502,1030204719,In stock,Marrón claro,Pantalón,Blanco,Modelo
Pantalón chándal STWD,https://www.pullandbear.com/es/pantalon-chandal-stwd-l07678506?cS=803&pelement=662026663,https://static.pullandbear.net/assets/public/b323/39b2/355a4d9b8e34/152552123f04/07678506803-A1M/07678506803-A1M.jpg?ts=1724661516563&w=438&f=auto,https://static.pullandbear.net/assets/public/f72e/0b9c/d5984d6b956b/db8995976097/07678506803-M/07678506803-M.jpg?ts=1724661523765&w=438&f=auto,19.99,"Pantalón jogger chándal STWD con cintura elástica con cordón, bolsillos y en tejido fleece.",,,,19.99,Gris vigoré,https://static.pullandbear.net/assets/public/4afb/d93b/99eb492a9a6c/5169deefd5a1/07678506803-C/07678506803-C.jpg?ts=1721661495077&w=106&f=auto,7678/506,07678506,1030204719,In stock,Gris,Pantalón,Blanco,Modelo
Pantalón chándal baggy,https://www.pullandbear.com/es/pantalon-chandal-baggy-l07679500?cS=807&pelement=662027216,https://static.pullandbear.net/assets/public/c6d6/3b50/75b44367ad68/d9a7fd1e9f8f/07679500807-A7M/07679500807-A7M.jpg?ts=1727786616190&w=438&f=auto,https://static.pullandbear.net/assets/public/27fd/72b3/944540d8a9c3/2a2b680bf0d0/07679501807-M/07679501807-M.jpg?ts=1726483077322&w=438&f=auto,22.99,"Pantalón de chándal jogger de corte baggy, con detalle de logo engomado, bolsillos laterales, cintura elástica con cordón y confeccionada en algodón.",,,,22.99,Gris antracita,https://static.pullandbear.net/assets/public/00a2/03c6/d3924b07a4f1/efb76aa56f45/07679501807-C/07679501807-C.jpg?ts=1726492936458&w=106&f=auto,7679/500,07679500,1030204719,In stock,Gris,Pantalón,Blanco,Modelo
Pantalón chándal técnico,https://www.pullandbear.com/es/pantalon-chandal-tecnico-l07678503?cS=800&pelement=662021369,https://static.pullandbear.net/2/photos//2024/I/0/2/p/7678/503/800/7678503800_4_1_0.jpg?imwidth=%3Awidth%3A&ts=1718024524911&w=438&f=auto,https://static.pullandbear.net/assets/public/2277/6815/e6c248559e03/27e8ccec2749/07678503800-A2M/07678503800-A2M.jpg?ts=1718024516443&w=438&f=auto,19.99,"Pantalón jogger chándal técnico en tejido interlock elástico, con bolsillos laterales con cremallera, cintura elástica con cordón y disponible en varios colores.",,,,19.99,Negro,https://static.pullandbear.net/assets/public/4df0/7105/c98d45aaad71/cf9d64fce859/07678503800-c/07678503800-c.jpg?ts=1720745031869&w=106&f=auto,7678/503,07678503,1030204719,In stock,Negro,Pantalón,Blanco,Modelo
Pantalón jogger cargo,https://www.pullandbear.com/es/pantalon-jogger-cargo-l07678505?cS=507&pelement=662026868,https://static.pullandbear.net/assets/public/9119/1bb0/300946b6b5d6/1b9921de084e/07678505507-M/07678505507-M.jpg?ts=1722870595943&w=438&f=auto,https://static.pullandbear.net/assets/public/4aa9/1a79/261b4ddfa31e/83c00aa7c262/07678505507-A2M/07678505507-A2M.jpg?ts=1722865750906&w=438&f=auto,35.99,"Pantalón jogger cargo con diseño de multibolsillos de solapa en pernera, cintura elástica con cordón ajustable y bajos elásticos.",,,,35.99,Caqui oscuro,https://static.pullandbear.net/assets/public/0bca/aaeb/0a284700beda/d4baae6305c3/07678505507-C/07678505507-C.jpg?ts=1720012530977&w=106&f=auto,7678/505,07678505,1030204719,In stock,Marrón claro,Pantalón,Blanco,Modelo
Pantalón jogger cargo,https://www.pullandbear.com/es/pantalon-jogger-cargo-l07678502?cS=800&pelement=662014775,https://static.pullandbear.net/2/photos//2024/I/0/2/p/7678/502/800/7678502800_4_1_0.jpg?imwidth=%3Awidth%3A&ts=1718356993346&w=438&f=auto,https://static.pullandbear.net/assets/public/50b0/1495/d1304cefad4d/9d40bd1ddc5c/07678502800-A2M/07678502800-A2M.jpg?ts=1718357014278&w=438&f=auto,25.99,"Pantalón jogger cargo con cintura elástica con cordón, bolsillos y bajos elásticos.",,,,25.99,Negro,https://static.pullandbear.net/assets/public/0ea7/ee73/b44f43a19f0c/444a2b7e7774/07678502800-C/07678502800-C.jpg?ts=1718024914098&w=106&f=auto,7678/502,07678502,1030204719,In stock,Negro,Pantalón,Blanco,Modelo
Pantalón chándal STWD,https://www.pullandbear.com/es/pantalon-chandal-stwd-l07678506?cS=807&pelement=662026665,https://static.pullandbear.net/assets/public/e27d/4681/c1754e0c81aa/c4fdb54ccb52/07678506807-A1M/07678506807-A1M.jpg?ts=1724661527898&w=438&f=auto,https://static.pullandbear.net/assets/public/8f72/eb8e/7d4a4b73b53b/608dd0a841fa/07678506807-M/07678506807-M.jpg?ts=1724661184743&w=438&f=auto,19.99,"Pantalón jogger chándal STWD con cintura elástica con cordón, bolsillos y en tejido fleece.",,,,19.99,Gris antracita,https://static.pullandbear.net/assets/public/e805/e4dd/b50d4197a263/55f824dd4a57/07678506807-C/07678506807-C.jpg?ts=1721661498261&w=106&f=auto,7678/506,07678506,1030204719,In stock,Gris,Pantalón,Blanco,Modelo
Pantalón jogger punto suave,https://www.pullandbear.com/es/pantalon-jogger-punto-suave-l07678513?cS=805&pelement=662014922,https://static.pullandbear.net/assets/public/c2ae/67b4/203b40ab9e71/42a535eafde2/07678513805-M/07678513805-M.jpg?ts=1723623613468&w=438&f=auto,https://static.pullandbear.net/assets/public/0e40/71fe/2b68433ab7a1/3401baa90603/07678513805-A2M/07678513805-A2M.jpg?ts=1723623600016&w=438&f=auto,25.99,Pantalón jogger de punto suave con cintura elástica con cordón y bolsillos.,,,,25.99,Hielo,https://static.pullandbear.net/assets/public/68dd/0e4f/194a4a97bc2e/7d8067a05028/07678513805-C/07678513805-C.jpg?ts=1719849971603&w=106&f=auto,7678/513,07678513,1030204719,In stock,Marrón claro,Pantalón,Blanco,Modelo
Pantalón jogger cargo,https://www.pullandbear.com/es/pantalon-jogger-cargo-l07678505?cS=800&pelement=662026866,https://static.pullandbear.net/assets/public/713a/573e/52de43e48b3b/8640d9f2bff5/07678505800-M/07678505800-M.jpg?ts=1722865781423&w=438&f=auto,https://static.pullandbear.net/assets/public/3303/345d/ef704deda128/6fcbf0c0e6e9/07678505800-A2M/07678505800-A2M.jpg?ts=1722870598599&w=438&f=auto,35.99,"Pantalón jogger cargo con diseño de multibolsillos de solapa en pernera, cintura elástica con cordón ajustable y bajos elásticos.",,,,35.99,Negro,https://static.pullandbear.net/assets/public/e6eb/3600/bbb64397adfa/93787acdb855/07678505800-C/07678505800-C.jpg?ts=1719938111422&w=106&f=auto,7678/505,07678505,1030204719,In stock,Negro,Pantalón,Blanco,Modelo
Pantalón jogger cargo,https://www.pullandbear.com/es/pantalon-jogger-cargo-l07678502?cS=710&pelement=662014773,https://static.pullandbear.net/2/photos//2024/I/0/2/p/7678/502/710/7678502710_4_1_0.jpg?imwidth=%3Awidth%3A&ts=1718356958457&w=438&f=auto,https://static.pullandbear.net/assets/public/b487/4e60/a9f94aed8a79/dab2d5f16c7a/07678502710-A2M/07678502710-A2M.jpg?ts=1718356956522&w=438&f=auto,25.99,"Pantalón jogger cargo con cintura elástica con cordón, bolsillos y bajos elásticos.",,,,25.99,Beige,https://static.pullandbear.net/assets/public/4777/dc9b/ce794cfeb773/513862725754/07678502710-C/07678502710-C.jpg?ts=1718119242999&w=106&f=auto,7678/502,07678502,1030204719,In stock,Marrón claro,Pantalón,Blanco,Modelo
Pantalón chándal técnico,https://www.pullandbear.com/es/pantalon-chandal-tecnico-l07678503?cS=807&pelement=662021371,https://static.pullandbear.net/2/photos//2024/I/0/2/p/7678/503/807/7678503807_4_1_0.jpg?imwidth=%3Awidth%3A&ts=1718024557849&w=438&f=auto,https://static.pullandbear.net/assets/public/2150/07ab/e6e54dbc922e/b0d7e580a97e/07678503807-A2M/07678503807-A2M.jpg?ts=1718024561464&w=438&f=auto,19.99,"Pantalón jogger chándal técnico en tejido interlock elástico, con bolsillos laterales con cremallera, cintura elástica con cordón y disponible en varios colores.",,,,19.99,Gris antracita,https://static.pullandbear.net/assets/public/add3/c8a8/bae04c1dab52/8567bdad7e52/07678503807-c/07678503807-c.jpg?ts=1720745033463&w=106&f=auto,7678/503,07678503,1030204719,In stock,Gris,Pantalón,Blanco,Modelo
Pantalón jogger punto suave,https://www.pullandbear.com/es/pantalon-jogger-punto-suave-l07678513?cS=505&pelement=662014921,https://static.pullandbear.net/assets/public/a2db/78e2/9bf04d0fa04c/40ecfcd23e8e/07678513505-M/07678513505-M.jpg?ts=1723623543249&w=438&f=auto,https://static.pullandbear.net/assets/public/988b/0cba/6f7b40a79a99/421d1abf8b4d/07678513505-A2M/07678513505-A2M.jpg?ts=1723623565236&w=438&f=auto,25.99,Pantalón jogger de punto suave con cintura elástica con cordón y bolsillos.,,,,25.99,Caqui,https://static.pullandbear.net/assets/public/e826/88c7/ee2d4d6f85d8/0195dc5c6265/07678513505-C/07678513505-C.jpg?ts=1722954830170&w=106&f=auto,7678/513,07678513,1030204719,In stock,Marrón claro,Pantalón,Blanco,Modelo
Pantalón chándal interlock,https://www.pullandbear.com/es/pantalon-chandal-interlock-l03680524?cS=500&pelement=662021187,https://static.pullandbear.net/assets/public/5e27/f8ad/6904499c8b31/da135d28149e/03680524500-M/03680524500-M.jpg?ts=1736423602531&w=438&f=auto,https://static.pullandbear.net/assets/public/d93c/c15f/8d0341b59ec2/83cd86d28b21/03680524500-A2M/03680524500-A2M.jpg?ts=1736423605071&w=438&f=auto,22.99,"Pantalón jogger chándal en tejido interlock, con bolsillos, cintura elástica con cordón y confeccionada en algodón.",,,,22.99,Verde,https://static.pullandbear.net/assets/public/0c66/7b64/ce8a4f17a054/8abcc577f67f/03680524500-C/03680524500-C.jpg?ts=1731937161717&w=106&f=auto,3680/524,03680524,1030204719,In stock,Verde,Pantalón,Blanco,Modelo
Pantalón chándal skater,https://www.pullandbear.com/es/pantalon-chandal-skater-l07679504?cS=922&pelement=662021057,https://static.pullandbear.net/assets/public/6cbb/e28e/19ac42b0adbb/a830e92ee8b1/07679504922-A7M/07679504922-A7M.jpg?ts=1726492254416&w=438&f=auto,https://static.pullandbear.net/assets/public/ce56/7e14/65774fc09197/eacf99548e0c/07679504922-M/07679504922-M.jpg?ts=1726492261982&w=438&f=auto,25.99,"Pantalón jogger de corte skater en tejido efecto lavado, con cintura elástica con cordón, bordado STWD y bolsillos.",,,,25.99,Gris oscuro,https://static.pullandbear.net/assets/public/3a90/f1f6/dc3349719239/12d225beffb9/07679504922-C/07679504922-C.jpg?ts=1725972846236&w=106&f=auto,7679/504,07679504,1030204719,In stock,Gris,Pantalón,Blanco,Modelo
Pantalón cargo costuras,https://www.pullandbear.com/es/pantalon-cargo-costuras-l07678507?cS=800&pelement=662014073,https://static.pullandbear.net/assets/public/5fa0/8431/180a404db562/81bcb8e11117/07678507800-M/07678507800-M.jpg?ts=1722520722741&w=438&f=auto,https://static.pullandbear.net/assets/public/baa3/41e3/da454fb2ad53/2152699d3c87/07678507800-A2M/07678507800-A2M.jpg?ts=1722521279928&w=438&f=auto,25.99,"Pantalón cargo con costuras en la rodilla, cintura con trabillas, cierre de botón y cremallera y bolsillos.",,,,25.99,Negro,https://static.pullandbear.net/assets/public/1f73/1134/f9164455b687/f19633736bdb/07678507800-C/07678507800-C.jpg?ts=1720789414740&w=106&f=auto,7678/507,07678507,1030204719,In stock,Negro,Pantalón,Blanco,Modelo
Pantalón chándal interlock,https://www.pullandbear.com/es/pantalon-chandal-interlock-l03680524?cS=800&pelement=662021188,https://static.pullandbear.net/assets/public/d0ca/a875/e8354942b325/5ddca81ce4cf/03680524800-A1M/03680524800-A1M.jpg?ts=1731937184110&w=438&f=auto,https://static.pullandbear.net/assets/public/8179/cc13/fb8c43089856/3a923aa46b7b/03680524800-M/03680524800-M.jpg?ts=1731937208801&w=438&f=auto,22.99,"Pantalón jogger chándal en tejido interlock, con bolsillos, cintura elástica con cordón y confeccionada en algodón.",,,,22.99,Negro,https://static.pullandbear.net/assets/public/efaa/f813/110f49219c25/cd6c6be9cb9f/03680524800-C/03680524800-C.jpg?ts=1730821360735&w=106&f=auto,3680/524,03680524,1030204719,In stock,Negro,Pantalón,Blanco,Modelo
Pantalón chándal técnico,https://www.pullandbear.com/es/pantalon-chandal-tecnico-l07678503?cS=711&pelement=662021368,https://static.pullandbear.net/2/photos//2024/I/0/2/p/7678/503/711/7678503711_4_1_0.jpg?imwidth=%3Awidth%3A&ts=1718024511628&w=438&f=auto,https://static.pullandbear.net/assets/public/f880/13e8/1b8d4d6b9243/19fa07763736/07678503711-A2M/07678503711-A2M.jpg?ts=1718024500811&w=438&f=auto,19.99,"Pantalón jogger chándal técnico en tejido interlock elástico, con bolsillos laterales con cremallera, cintura elástica con cordón y disponible en varios colores.",,,,19.99,Arena,https://static.pullandbear.net/assets/public/3f27/8d97/69754f3aa7e2/d58b620fd796/07678503711-c/07678503711-c.jpg?ts=1720745031458&w=106&f=auto,7678/503,07678503,1030204719,In stock,Marrón claro,Pantalón,Blanco,Modelo
Pantalón jogger cargo,https://www.pullandbear.com/es/pantalon-jogger-cargo-l07678502?cS=505&pelement=662014776,https://static.pullandbear.net/assets/public/1396/fef3/9ea342468d59/52adc141ea7a/07678502505-M/07678502505-M.jpg?ts=1734953441781&w=438&f=auto,https://static.pullandbear.net/assets/public/2b87/3e20/9956412ab3e1/9911e7c517cd/07678502505-A2M/07678502505-A2M.jpg?ts=1734953444250&w=438&f=auto,25.99,"Pantalón jogger cargo con cintura elástica con cordón, bolsillos y bajos elásticos.",,,,25.99,Caqui,https://static.pullandbear.net/assets/public/db8f/bb83/c0c749c8bc87/85b80c144bb8/03680507505-C/03680507505-C.jpg?ts=1734024130776&w=106&f=auto,7678/502,07678502,1030204719,In stock,Marrón claro,Pantalón,Blanco,Modelo
Jeans carrot detalle rotos,https://www.pullandbear.com/es/jeans-carrot-detalle-rotos-l03683540?cS=712&pelement=665858899,https://static.pullandbear.net/assets/public/e9da/978a/39094a029eca/4b6631660ef5/03683540712-M/03683540712-M.jpg?ts=1736784406977&w=438&f=auto,https://static.pullandbear.net/assets/public/93af/4180/30c842e39c35/c8221c875fae/03683540712-A2M/03683540712-A2M.jpg?ts=1737642963441&w=438&f=auto,29.99,"Jeans carrot fit con diseño de cinco bolsillos, con detalle de rotos en la pernera, cintura con trabillas, cierre de botón y cremallera y en algodón ligeramente elástico.",,,,29.99,Crudo,https://static.pullandbear.net/assets/public/65a5/f835/1c27412893a0/8c5f2e433e5f/03683540712-C/03683540712-C.jpg?ts=1737653660603&w=106&f=auto,3683/540,03683540,1030204719,In stock,Blanco,Pantalón,Blanco,Modelo
Pantalón tailoring,https://www.pullandbear.com/es/pantalon-tailoring-l03680514?cS=800&pelement=662031865,https://static.pullandbear.net/assets/public/0bfa/7444/f6fc48bbba66/cc8be7428a1f/03680514800-A1M/03680514800-A1M.jpg?ts=1731939728841&w=438&f=auto,https://static.pullandbear.net/assets/public/1fb4/08de/ebe1429eb9a3/7408891677cc/03680514800-M/03680514800-M.jpg?ts=1731939827381&w=438&f=auto,29.99,"Pantalón de vestir tailoring con cintura con trabillas, bolsillos, y cierre de botón y cremallera.  Total look",,,,29.99,Negro,https://static.pullandbear.net/assets/public/4fbb/9733/e9c54a20808d/00b5e57da26a/03680514800-C/03680514800-C.jpg?ts=1731420584138&w=106&f=auto,3680/514,03680514,1030204719,In stock,Negro,Pantalón,Blanco,Modelo
Pantalón jogger rayas laterales STWD,https://www.pullandbear.com/es/pantalon-jogger-rayas-laterales-stwd-l07679506?cS=800&pelement=667131214,https://static.pullandbear.net/assets/public/93b9/c8b2/6d1544c9be8f/4c0bc9350f8d/07679506800-A7M/07679506800-A7M.jpg?ts=1727098698999&w=438&f=auto,https://static.pullandbear.net/assets/public/2f59/9754/7e3b49139edd/b13bb63f257e/07679506800-M/07679506800-M.jpg?ts=1738683292382&w=438&f=auto,22.99,"Pantalón jogger con detalle de rayas laterales, bolsillos, cintura elástica y logo STWD bordado.",,,,22.99,Negro,https://static.pullandbear.net/assets/public/a083/283c/73de48eba4ce/1a90acb2a7b0/07679506800-C/07679506800-C.jpg?ts=1726578082011&w=106&f=auto,7679/506,07679506,1030204719,In stock,Negro,Pantalón,Blanco,Modelo
Pantalón jogger estructura,https://www.pullandbear.com/es/pantalon-jogger-estructura-l03680517?cS=802&pelement=663389546,https://static.pullandbear.net/assets/public/186e/5d66/4b8144d48a7b/cb8c4b15b880/03680517802-M/03680517802-M.jpg?ts=1738590190497&w=438&f=auto,https://static.pullandbear.net/assets/public/b6e3/e509/b61b4105a897/07552d587d8e/03680517802-A2M/03680517802-A2M.jpg?ts=1738590190388&w=438&f=auto,29.99,"Pantalón jogger en tejido estructura con cierre de cordón, bolsillos y bajos elásticos.",,,,29.99,Gris,https://static.pullandbear.net/assets/public/18a3/f55e/cbbd4324bd6f/d9bf2981088b/03680517802-C/03680517802-C.jpg?ts=1737652983107&w=106&f=auto,3680/517,03680517,1030204719,In stock,Gris,Pantalón,Blanco,Modelo
Pantalón tailoring wide leg,https://www.pullandbear.com/es/pantalon-tailoring-wide-leg-l07677509?cS=505,https://static.pullandbear.net/assets/public/7f1b/7cc7/929d45eaae43/3a817489f3bc/07677509505-M/07677509505-M.jpg?ts=1723623645457&w=438&f=auto,https://static.pullandbear.net/assets/public/d95c/1048/d8e44ef99c1b/46f6e63b9c6f/07677509505-A2M/07677509505-A2M.jpg?ts=1723623641539&w=438&f=auto,29.99,"Pantalón de vestir tailoring wide leg, con pinzas delanteras, cintura con trabillas y cierre de botón y cremallera.",,,,29.99,Caqui,https://static.pullandbear.net/assets/public/651a/6f41/8ba14219a739/4fc69c9f58b8/07677509505-C/07677509505-C.jpg?ts=1722509856843&w=106&f=auto,7677/509,07677509,1030574254,In stock,Marrón claro,Pantalón,Blanco,Modelo
Pantalón tailoring wide leg,https://www.pullandbear.com/es/pantalon-tailoring-wide-leg-l07677509?cS=712,https://static.pullandbear.net/2/photos//2025/V/0/2/p/7677/509/712/7677509712_2_7_8.jpg?t=1690798511133&w=438&f=auto,https://static.pullandbear.net/assets/public/955f/cc7c/0bbb48c59954/dff9283f9547/07678535712-M/07678535712-M.jpg?ts=1737044489022&w=438&f=auto,29.99,"Pantalón de vestir tailoring wide leg, con pinzas delanteras, cintura con trabillas y cierre de botón y cremallera.",,,,29.99,Crudo,https://static.pullandbear.net/assets/public/d7dd/e5ba/3fc44c299961/888b5e473f77/07678535712-C/07678535712-C.jpg?ts=1737044404232&w=106&f=auto,7677/509,07677509,1030574254,In stock,Blanco,Pantalón,Blanco,Modelo
Pantalón jogger punto suave,https://www.pullandbear.com/es/pantalon-jogger-punto-suave-l07678513?cS=800&pelement=662014919,https://static.pullandbear.net/assets/public/fbd2/a427/12594e3aae77/75f3223f9410/07678513800-M/07678513800-M.jpg?ts=1723623585132&w=438&f=auto,https://static.pullandbear.net/assets/public/a872/736d/c6dd41a4af95/91d3e667bb0c/07678513800-A2M/07678513800-A2M.jpg?ts=1723623532706&w=438&f=auto,25.99,Pantalón jogger de punto suave con cintura elástica con cordón y bolsillos.,,,,25.99,Negro,https://static.pullandbear.net/assets/public/76bc/978e/70bd43f58509/209c558f3196/07678513800-C/07678513800-C.jpg?ts=1722954848809&w=106&f=auto,7678/513,07678513,1030204719,In stock,Negro,Pantalón,Blanco,Modelo
Pantalón cargo costuras,https://www.pullandbear.com/es/pantalon-cargo-costuras-l07678507?cS=802&pelement=662014075,https://static.pullandbear.net/assets/public/b420/2b7b/8a6b4d478478/fb69b30b8e80/03680513802-M/03680513802-M.jpg?ts=1736782832047&w=438&f=auto,https://static.pullandbear.net/assets/public/980d/4924/d64f43729e59/0bf7de8fc113/03680513802-A2M/03680513802-A2M.jpg?ts=1736783390238&w=438&f=auto,25.99,"Pantalón cargo con costuras en la rodilla, cintura con trabillas, cierre de botón y cremallera y bolsillos.",,,,25.99,Gris,https://static.pullandbear.net/assets/public/b527/d4b5/7f0345f0ad36/14bba94ca930/03680513802-C/03680513802-C.jpg?ts=1734018018674&w=106&f=auto,7678/507,07678507,1030204719,In stock,Gris,Pantalón,Blanco,Modelo
Pantalón chándal baggy,https://www.pullandbear.com/es/pantalon-chandal-baggy-l07679500?cS=712&pelement=662027212,https://static.pullandbear.net/assets/public/605b/d376/eb5f4bafb52d/2c11616bba77/07679500712-A7M/07679500712-A7M.jpg?ts=1736781481240&w=438&f=auto,https://static.pullandbear.net/assets/public/97f9/a004/a0d940468c85/e26d5de67050/07679500712-M/07679500712-M.jpg?ts=1736781648402&w=438&f=auto,22.99,"Pantalón de chándal jogger de corte baggy, con detalle de logo engomado, bolsillos laterales, cintura elástica con cordón y confeccionada en algodón.",,,,22.99,Crudo,https://static.pullandbear.net/assets/public/176d/31ce/dcda4a84b05e/9d59a407bbcc/07679500712-C/07679500712-C.jpg?ts=1736956748544&w=106&f=auto,7679/500,07679500,1030204719,In stock,Blanco,Pantalón,Blanco,Modelo
Pantalón jogger cargo,https://www.pullandbear.com/es/pantalon-jogger-cargo-l03680518?cS=710&pelement=662021053,https://static.pullandbear.net/assets/public/e3ff/f196/a7cc4ad680ed/fc9d264bbca2/03680518710-E/03680518710-E.jpg?ts=1738672609898&w=438&f=auto,https://static.pullandbear.net/assets/public/d51e/ecc6/ad294202a334/a28fd6f8af8a/03680518710-M/03680518710-M.jpg?ts=1738593526629&w=438&f=auto,35.99,"Pantalón jogger cargo con cierre de cordón, bolsillos y bajos elásticos.",,,,35.99,Beige,https://static.pullandbear.net/assets/public/ce0f/1fa1/a29b4fe1b387/ff1e1bf5fb24/03680518710-C/03680518710-C.jpg?ts=1737727836571&w=106&f=auto,3680/518,03680518,1030204719,In stock,Marrón claro,Pantalón,Blanco,Modelo
Pantalón jogger cargo,https://www.pullandbear.com/es/pantalon-jogger-cargo-l03680518?cS=505&pelement=662021055,https://static.pullandbear.net/assets/public/bb63/28fd/541d4e4da89b/b33324dedbb6/03680518505-M/03680518505-M.jpg?ts=1738581461197&w=438&f=auto,https://static.pullandbear.net/assets/public/d726/d2f5/c7d943dd8d66/cfed874e9973/03680518505-A2M/03680518505-A2M.jpg?ts=1738593522858&w=438&f=auto,35.99,"Pantalón jogger cargo con cierre de cordón, bolsillos y bajos elásticos.",,,,35.99,Caqui,https://static.pullandbear.net/assets/public/d998/4b94/5f2540ef8d69/86ce52914e46/03680518505-C/03680518505-C.jpg?ts=1737725508812&w=106&f=auto,3680/518,03680518,1030204719,In stock,Marrón claro,Pantalón,Blanco,Modelo
Pantalón jogger cargo,https://www.pullandbear.com/es/pantalon-jogger-cargo-l03680518?cS=800&pelement=662021054,https://static.pullandbear.net/assets/public/5064/4383/c7fd47f595ac/c0d5a424fa46/03680518800-M/03680518800-M.jpg?ts=1738594231749&w=438&f=auto,https://static.pullandbear.net/assets/public/0be6/b35b/cc05466586d7/a54ada334d83/03680518800-A2M/03680518800-A2M.jpg?ts=1738594231611&w=438&f=auto,35.99,"Pantalón jogger cargo con cierre de cordón, bolsillos y bajos elásticos.",,,,35.99,Negro,https://static.pullandbear.net/assets/public/6bdc/0687/87184f4db6bd/e7ab80309e77/03680518800-C/03680518800-C.jpg?ts=1737725514355&w=106&f=auto,3680/518,03680518,1030204719,In stock,Negro,Pantalón,Blanco,Modelo
Pantalón jogger estructura,https://www.pullandbear.com/es/pantalon-jogger-estructura-l03680517?cS=505&pelement=663389547,https://static.pullandbear.net/assets/public/91c7/a6fb/d97d4d1eb521/4171fab13f00/03680517505-M/03680517505-M.jpg?ts=1738585138430&w=438&f=auto,https://static.pullandbear.net/assets/public/89d2/12e1/623e40b69c76/13434a4c99fe/03680517505-A2M/03680517505-A2M.jpg?ts=1738585136525&w=438&f=auto,29.99,"Pantalón jogger en tejido estructura con cierre de cordón, bolsillos y bajos elásticos.",,,,29.99,Caqui,https://static.pullandbear.net/assets/public/a76c/cb8a/3a3f4ce8846c/0584ec2315fa/03680517505-C/03680517505-C.jpg?ts=1737652984477&w=106&f=auto,3680/517,03680517,1030204719,In stock,Marrón claro,Pantalón,Blanco,Modelo
Pantalón jogger estructura,https://www.pullandbear.com/es/pantalon-jogger-estructura-l03680517?cS=800&pelement=663389545,https://static.pullandbear.net/assets/public/0eaa/3886/ac62422ab606/541b62636f95/03680517800-M/03680517800-M.jpg?ts=1738593523190&w=438&f=auto,https://static.pullandbear.net/assets/public/c450/67d9/fed944a6b235/cbe6f34b0175/03680517800-A2M/03680517800-A2M.jpg?ts=1738593522643&w=438&f=auto,29.99,"Pantalón jogger en tejido estructura con cierre de cordón, bolsillos y bajos elásticos.",,,,29.99,Negro,https://static.pullandbear.net/assets/public/b6fe/77db/05e7436e8269/02a3958b3bfd/03680517800-C/03680517800-C.jpg?ts=1738138475935&w=106&f=auto,3680/517,03680517,1030204719,In stock,Negro,Pantalón,Blanco,Modelo
Pantalón tailoring wide leg,https://www.pullandbear.com/es/pantalon-tailoring-wide-leg-l07677509?cS=802,https://static.pullandbear.net/assets/public/baee/7253/dc22448c933a/37d2e50e6908/07677509802-A1M/07677509802-A1M.jpg?ts=1723623724114&w=438&f=auto,https://static.pullandbear.net/assets/public/1193/cad3/7f0b4d0fa11f/61ab8d43f762/07677509802-M/07677509802-M.jpg?ts=1723623538919&w=438&f=auto,29.99,"Pantalón de vestir tailoring wide leg, con pinzas delanteras, cintura con trabillas y cierre de botón y cremallera.",,,,29.99,Gris,https://static.pullandbear.net/2/photos//2023/I/0/2/p/7677/509/802/7677509802_1_1_0.jpg?imwidth=%3Awidth%3A&ts=1698413893704&w=106&f=auto,7677/509,07677509,1030574254,In stock,Gris,Pantalón,Blanco,Modelo
Pantalón tailoring wide leg,https://www.pullandbear.com/es/pantalon-tailoring-wide-leg-l07677509?cS=800,https://static.pullandbear.net/assets/public/dd87/af3a/8ab444189516/9cf5fe88c75f/07677509800-M/07677509800-M.jpg?ts=1723623577719&w=438&f=auto,https://static.pullandbear.net/assets/public/e2e2/3d09/e5a143908fd5/488529341078/07677509800-A2M/07677509800-A2M.jpg?ts=1723623570563&w=438&f=auto,29.99,"Pantalón de vestir tailoring wide leg, con pinzas delanteras, cintura con trabillas y cierre de botón y cremallera.",,,,29.99,Negro,https://static.pullandbear.net/2/photos//2023/I/0/2/p/7677/509/800/7677509800_1_1_0.jpg?imwidth=%3Awidth%3A&ts=1697463192238&w=106&f=auto,7677/509,07677509,1030574254,In stock,Negro,Pantalón,Blanco,Modelo
Pantalón jogger tejido plisado,https://www.pullandbear.com/es/pantalon-jogger-tejido-plisado-l03680530?cS=802&pelement=662020949,https://static.pullandbear.net/assets/public/5e27/81d7/60d94912acc3/9d8355e537af/03680530802-M/03680530802-M.jpg?ts=1731943208826&w=438&f=auto,https://static.pullandbear.net/assets/public/622f/7808/a1d540f08bbd/4d3a081b95e0/03680530802-A2M/03680530802-A2M.jpg?ts=1731943204751&w=438&f=auto,29.99,Pantalón jogger de corte recto con cierre de botón y cremallera y confeccionado en tejido plisado ligeramente elástico.,,,,29.99,Gris,https://static.pullandbear.net/assets/public/7cc6/2746/b40d45a6a8ae/7e17ca059eef/03680530802-C/03680530802-C.jpg?ts=1730999826563&w=106&f=auto,3680/530,03680530,1030204719,In stock,Gris,Pantalón,Blanco,Modelo
Pantalón jogger rayas con lino,https://www.pullandbear.com/es/pantalon-jogger-rayas-con-lino-l03680527?cS=104&pelement=662020837,https://static.pullandbear.net/assets/public/b558/0b0d/b66b48059a64/fc2a109f255b/03680527104-M/03680527104-M.jpg?ts=1738683258256&w=438&f=auto,https://static.pullandbear.net/assets/public/156d/75cb/b23f4c9288e6/fa472b19ac98/03680527104-A2M/03680527104-A2M.jpg?ts=1738683254197&w=438&f=auto,25.99,Pantalón jogger de rayas con cintura elástica con cordón y en mezcla de algodón y lino.,,,,25.99,Rayas,https://static.pullandbear.net/assets/public/7b38/c61b/49674c488adc/9ee04709f071/03680527104-C/03680527104-C.jpg?ts=1735837514786&w=106&f=auto,3680/527,03680527,1030204719,In stock,Multicolor,Pantalón,Blanco,Modelo
Pantalón cargo costuras,https://www.pullandbear.com/es/pantalon-cargo-costuras-l07678507?cS=711&pelement=662014071,https://static.pullandbear.net/assets/public/7638/869c/52184a31a984/2fb0b9f7adda/07678507711-M/07678507711-M.jpg?ts=1722521297173&w=438&f=auto,https://static.pullandbear.net/assets/public/3c27/a00c/e5734c759a29/28bd47c85226/07678507711-A2M/07678507711-A2M.jpg?ts=1723036173914&w=438&f=auto,25.99,"Pantalón cargo con costuras en la rodilla, cintura con trabillas, cierre de botón y cremallera y bolsillos.",,,,25.99,Arena,https://static.pullandbear.net/assets/public/1a03/3640/f236445f982a/520ef85b8270/07678507711-C/07678507711-C.jpg?ts=1719306980182&w=106&f=auto,7678/507,07678507,1030204719,In stock,Marrón claro,Pantalón,Blanco,Modelo
Jeans standard,https://www.pullandbear.com/es/jeans-standard-l07685511?cS=415&pelement=662014593,https://static.pullandbear.net/assets/public/9531/5bdf/c36c417380a2/68491cf470e9/07685511415-M/07685511415-M.jpg?ts=1721049431483&w=438&f=auto,https://static.pullandbear.net/assets/public/159a/1335/37744d4485a1/a73073809344/07685511415-A2M/07685511415-A2M.jpg?ts=1721049423786&w=438&f=auto,25.99,"Jeans standard con cintura con trabillas, cierre de botón y cremallera, y diseño de cinco bolsillos.",,,,25.99,Azul flúor,https://static.pullandbear.net/assets/public/76a2/1a0f/8e9045bd8f60/77b3919b914f/07685511415-C/07685511415-C.jpg?ts=1720176324285&w=106&f=auto,7685/511,07685511,1030204730,In stock,Azul claro,Pantalón,Blanco,Modelo
Jeans baggy loose,https://www.pullandbear.com/es/jeans-baggy-loose-l03687503?cS=833&pelement=662020905,https://static.pullandbear.net/assets/public/583d/c12c/c25f431aba29/f62413f1b55f/03687503833-A1M/03687503833-A1M.jpg?ts=1736760355591&w=438&f=auto,https://static.pullandbear.net/assets/public/dbd8/6609/d1ee458f8abe/75ff5e2d3125/03687503833-M/03687503833-M.jpg?ts=1736760606017&w=438&f=auto,29.99,"Jeans baggy loose fit con diseño de cinco bolsillos, cintura con trabillas, cierre de botón y cremallera y confeccionados en algodón.",,,,29.99,Negro delavado,https://static.pullandbear.net/assets/public/46a3/dff1/f832474fb61d/7e4dcaf4d276/03687503833-C/03687503833-C.jpg?ts=1736339496880&w=106&f=auto,3687/503,03687503,1030204730,In stock,Negro,Pantalón,Blanco,Modelo
Jeans baggy,https://www.pullandbear.com/es/jeans-baggy-l03685514?cS=833&pelement=662014307,https://static.pullandbear.net/assets/public/7d71/f0fc/1b804e5eb504/1bf91f880158/03685514833-M/03685514833-M.jpg?ts=1723189237993&w=438&f=auto,https://static.pullandbear.net/assets/public/c037/960b/f5f745fe89b0/ebfe81163780/03685514833-A2M/03685514833-A2M.jpg?ts=1725443106526&w=438&f=auto,29.99,"Jeans baggy disponibles en varios tonos, con logo, diseño de cinco bolsillos, cintura con trabillas, cierre de botón y cremallera y en 100% algodón.",,,,29.99,Negro delavado,https://static.pullandbear.net/assets/public/64cb/cf41/a43d45e5aa61/e6a3348fc645/03687502833-C/03687502833-C.jpg?ts=1727789136128&w=106&f=auto,3685/514,03685514,1030204730,In stock,Negro,Pantalón,Blanco,Modelo
Jeans baggy,https://www.pullandbear.com/es/jeans-baggy-l03685514?cS=434&pelement=662014305,https://static.pullandbear.net/assets/public/6ec0/182b/23b04654a724/afc36786fa9c/03685514434-M/03685514434-M.jpg?ts=1722951599464&w=438&f=auto,https://static.pullandbear.net/assets/public/611c/5476/6b164767a8fc/04289993c967/03685514434-A2M/03685514434-A2M.jpg?ts=1722951588705&w=438&f=auto,29.99,"Jeans baggy disponibles en varios tonos, con logo, diseño de cinco bolsillos, cintura con trabillas, cierre de botón y cremallera y en 100% algodón.",,,,29.99,Indigo claro,https://static.pullandbear.net/assets/public/3349/d6a8/fafd4964a936/f45b4ddb5e70/03687502434-C/03687502434-C.jpg?ts=1727103061537&w=106&f=auto,3685/514,03685514,1030204730,In stock,Azul claro,Pantalón,Blanco,Modelo
Jeans baggy,https://www.pullandbear.com/es/jeans-baggy-l03685514?cS=410&pelement=662014303,https://static.pullandbear.net/assets/public/dab4/728d/6f244ff79573/3370e703001a/07685526410-M/07685526410-M.jpg?ts=1723189247241&w=438&f=auto,https://static.pullandbear.net/assets/public/3e73/9421/af9a4333a8ea/606a59f921da/07685526410-A2M/07685526410-A2M.jpg?ts=1723189278736&w=438&f=auto,29.99,"Jeans baggy disponibles en varios tonos, con logo, diseño de cinco bolsillos, cintura con trabillas, cierre de botón y cremallera y en 100% algodón.",,,,29.99,Marino delavado,https://static.pullandbear.net/assets/public/a152/cdac/9a904a71802a/2c7d8f2c9612/07685526410-C/07685526410-C.jpg?ts=1724414847850&w=106&f=auto,3685/514,03685514,1030204730,In stock,Azul,Pantalón,Blanco,Modelo
Jeans baggy,https://www.pullandbear.com/es/jeans-baggy-l03685514?cS=802&pelement=664096511,https://static.pullandbear.net/assets/public/242f/4250/4f744543b0b8/9a873cb09bb1/07685526802-M/07685526802-M.jpg?ts=1723189263518&w=438&f=auto,https://static.pullandbear.net/assets/public/dff0/55a5/f2d041c098ce/a7ac5fad6556/07685526802-A2M/07685526802-A2M.jpg?ts=1723189254810&w=438&f=auto,29.99,"Jeans baggy disponibles en varios tonos, con logo, diseño de cinco bolsillos, cintura con trabillas, cierre de botón y cremallera y en 100% algodón.",,,,29.99,Gris,https://static.pullandbear.net/assets/public/a0ee/b279/238845d196e0/15f3eb0fce06/07685526802-C/07685526802-C.jpg?ts=1724414589922&w=106&f=auto,3685/514,03685514,1030204730,In stock,Gris,Pantalón,Blanco,Modelo
Jeans carrot acabado lavado,https://www.pullandbear.com/es/jeans-carrot-acabado-lavado-l07685507?cS=800&pelement=662027249,https://static.pullandbear.net/assets/public/f77d/e4a2/5b9447f2aea4/d0e713d0509c/03685511800-M/03685511800-M.jpg?ts=1722951557180&w=438&f=auto,https://static.pullandbear.net/assets/public/8ffc/cfbf/f00b4394816c/10e43702f69b/03685511800-A2M/03685511800-A2M.jpg?ts=1722951564941&w=438&f=auto,19.99,"Jeans carrot fit con acabado lavado, diseño de cinco bolsillos, cintura con trabillas, cierre de botón y cremallera y en algodón ligeramente elástico.",,,,19.99,Negro,https://static.pullandbear.net/assets/public/93e6/f2db/ca684aa3bad3/51f5c1b95e7b/07685808800-C/07685808800-C.jpg?ts=1724151107704&w=106&f=auto,7685/507,07685507,1030204730,In stock,Negro,Pantalón,Blanco,Modelo
Jeans standard,https://www.pullandbear.com/es/jeans-standard-l07685511?cS=407&pelement=662014599,https://static.pullandbear.net/assets/public/a636/8c27/f74a4030a671/a9e3e1b2d6c6/07685511407-M/07685511407-M.jpg?ts=1721839385132&w=438&f=auto,https://static.pullandbear.net/assets/public/b55d/ced2/e15e44bd9fea/970d94098656/07685511407-A2M/07685511407-A2M.jpg?ts=1720175932237&w=438&f=auto,25.99,"Jeans standard con cintura con trabillas, cierre de botón y cremallera, y diseño de cinco bolsillos.",,,,25.99,Azul oscuro,https://static.pullandbear.net/assets/public/0f03/d55d/3a4741239469/a81fd517af32/07685511407-C/07685511407-C.jpg?ts=1720175934299&w=106&f=auto,7685/511,07685511,1030204730,In stock,Azul,Pantalón,Blanco,Modelo
Jeans carrot acabado lavado,https://www.pullandbear.com/es/jeans-carrot-acabado-lavado-l07685507?cS=401&pelement=662027247,https://static.pullandbear.net/assets/public/262c/dd30/9f424ce6904e/90237f5e06c7/07685507401-M/07685507401-M.jpg?ts=1722951640112&w=438&f=auto,https://static.pullandbear.net/assets/public/40b7/990b/ce454c83bc5c/c271dc850810/07685507401-A2M/07685507401-A2M.jpg?ts=1722951622508&w=438&f=auto,19.99,"Jeans carrot fit con acabado lavado, diseño de cinco bolsillos, cintura con trabillas, cierre de botón y cremallera y en algodón ligeramente elástico.",,,,19.99,Marino,https://static.pullandbear.net/assets/public/7ea3/72c8/63274c289078/b8aeb16a2747/07685507401-C/07685507401-C.jpg?ts=1721829899571&w=106&f=auto,7685/507,07685507,1030204730,In stock,Azul,Pantalón,Blanco,Modelo
Jeans slim,https://www.pullandbear.com/es/jeans-slim-l07685506?cS=407&pelement=662027265,https://static.pullandbear.net/assets/public/0ae8/6902/2855418097be/70f3b68a65e6/07685509407-M/07685509407-M.jpg?ts=1721835575190&w=438&f=auto,https://static.pullandbear.net/assets/public/355b/2c20/de14479cafe5/f4546da65ddd/07685509407-A2M/07685509407-A2M.jpg?ts=1721835568399&w=438&f=auto,25.99,"Jeans slim fit con diseño de cinco bolsillos, cintura con trabillas, cierre de botón y cremallera y confeccionados en algodón ligeramente elástico.",,,,25.99,Azul oscuro,https://static.pullandbear.net/assets/public/538f/e6e6/657b44eabeba/a88dd27e7670/07685509407-C/07685509407-C.jpg?ts=1721835571209&w=106&f=auto,7685/506,07685506,1030204730,In stock,Azul,Pantalón,Blanco,Modelo
Jeans skater,https://www.pullandbear.com/es/jeans-skater-l07685524?cS=833&pelement=662027234,https://static.pullandbear.net/assets/public/c726/5728/3ba84a5eab84/420a091c50f9/07685524833-M/07685524833-M.jpg?ts=1737717165872&w=438&f=auto,https://static.pullandbear.net/assets/public/5079/8cd4/c6d24bd2b094/cdbc2bef0a0a/07685524833-A2M/07685524833-A2M.jpg?ts=1737717165720&w=438&f=auto,29.99,"Jeans skater con diseño de cinco bolsillos, cintura con trabillas, cierre de botón y cremallera y confeccionados en tejido de algodón.",,,,29.99,Negro delavado,https://static.pullandbear.net/assets/public/21ef/ba4e/ffb44bd7a723/82ca0f2928db/07685524833-C/07685524833-C.jpg?ts=1729236277149&w=106&f=auto,7685/524,07685524,1030204730,In stock,Negro,Pantalón,Blanco,Modelo
Jeans straight vintage,https://www.pullandbear.com/es/jeans-straight-vintage-l03687504?cS=833&pelement=662020714,https://static.pullandbear.net/assets/public/8679/0697/14dc4e568fc5/ec12fd6118c0/03687504833-M/03687504833-M.jpg?ts=1737374620179&w=438&f=auto,https://static.pullandbear.net/assets/public/dc9a/1aab/6f0c4303b2d3/60bb1fc90869/03687504833-A2M/03687504833-A2M.jpg?ts=1737374619507&w=438&f=auto,25.99,"Jeans straight con acabado lavado, diseño de cinco bolsillos, cintura con trabillas, cierre de botón y cremallera y confeccionados en algodón.",,,,25.99,Negro delavado,https://static.pullandbear.net/assets/public/5e89/2942/85204568a13f/2795997e24fe/03687504833-C/03687504833-C.jpg?ts=1733419472950&w=106&f=auto,3687/504,03687504,1030204730,In stock,Negro,Pantalón,Blanco,Modelo
Jeans cargo straight,https://www.pullandbear.com/es/jeans-cargo-straight-l03683500?cS=427&pelement=662014589,https://static.pullandbear.net/assets/public/2e1f/b4de/05794e5ba04e/853118196fbd/03683500427-M/03683500427-M.jpg?ts=1732530329726&w=438&f=auto,https://static.pullandbear.net/assets/public/d719/6ca2/a5d14274b864/3e0453ca32df/03683500427-A2M/03683500427-A2M.jpg?ts=1732530322839&w=438&f=auto,29.99,"Jeans cargo straight con diseño multibolsillos, con cintura elástica, cierre de botón y cremallera y confeccionados en algodón.",,,,29.99,Azul medio,https://static.pullandbear.net/assets/public/1d75/9519/d93747698bb8/766908e19697/03683500427-C/03683500427-C.jpg?ts=1733135478405&w=106&f=auto,3683/500,03683500,1030204730,In stock,Azul,Pantalón,Blanco,Modelo
Jeans straight vintage,https://www.pullandbear.com/es/jeans-straight-vintage-l03687504?cS=427&pelement=662020715,https://static.pullandbear.net/assets/public/3bf2/e739/756b4aa0a5bd/ad62da3ceb25/03687504427-M/03687504427-M.jpg?ts=1737374620169&w=438&f=auto,https://static.pullandbear.net/assets/public/b563/0d7a/0096443f9ad2/bcc1526c07ae/03687504427-A2M/03687504427-A2M.jpg?ts=1737374619900&w=438&f=auto,25.99,"Jeans straight con acabado lavado, diseño de cinco bolsillos, cintura con trabillas, cierre de botón y cremallera y confeccionados en algodón.",,,,25.99,Azul medio,https://static.pullandbear.net/assets/public/2c31/3595/eb3746608ec8/2b8d1efc53e4/03687504427-C/03687504427-C.jpg?ts=1733757037587&w=106&f=auto,3687/504,03687504,1030204730,In stock,Azul,Pantalón,Blanco,Modelo
Jeans skater,https://www.pullandbear.com/es/jeans-skater-l07685524?cS=401&pelement=662027231,https://static.pullandbear.net/assets/public/b9f2/10e2/d4d34258aa5c/91dd71b638d8/07685524401-M/07685524401-M.jpg?ts=1737631406965&w=438&f=auto,https://static.pullandbear.net/assets/public/adb9/ffd1/d0ce488c89b8/656212b0ae00/07685524401-A2M/07685524401-A2M.jpg?ts=1737129015905&w=438&f=auto,29.99,"Jeans skater con diseño de cinco bolsillos, cintura con trabillas, cierre de botón y cremallera y confeccionados en tejido de algodón.",,,,29.99,Marino,https://static.pullandbear.net/assets/public/79b0/a215/bc0d4b38a7e0/24602d9b234e/07685524401-C/07685524401-C.jpg?ts=1722951937728&w=106&f=auto,7685/524,07685524,1030204730,In stock,Azul,Pantalón,Blanco,Modelo
Jeans baggy loose,https://www.pullandbear.com/es/jeans-baggy-loose-l03687503?cS=922&pelement=662020907,https://static.pullandbear.net/assets/public/af8c/39fb/24164a838000/7ab65107c139/03687503922-M/03687503922-M.jpg?ts=1736760626702&w=438&f=auto,https://static.pullandbear.net/assets/public/6f89/18f4/99d34a5eae1f/9a6079f0b19f/03687503922-A2M/03687503922-A2M.jpg?ts=1737630892656&w=438&f=auto,29.99,"Jeans baggy loose fit con diseño de cinco bolsillos, cintura con trabillas, cierre de botón y cremallera y confeccionados en algodón.",,,,29.99,Gris oscuro,https://static.pullandbear.net/assets/public/547f/1fd6/92064bf8901c/f87e4c28cc43/03687503922-C/03687503922-C.jpg?ts=1738852602990&w=106&f=auto,3687/503,03687503,1030204730,In stock,Gris,Pantalón,Blanco,Modelo
Jeans slim,https://www.pullandbear.com/es/jeans-slim-l07685506?cS=833&pelement=662027259,https://static.pullandbear.net/assets/public/4ab3/9010/cdfc401ebb2f/b0b4a913a440/07685506833-M/07685506833-M.jpg?ts=1721722452026&w=438&f=auto,https://static.pullandbear.net/assets/public/f733/dca9/4efa44e0bda7/3e834a9abc13/07685506833-A2M/07685506833-A2M.jpg?ts=1721722441713&w=438&f=auto,25.99,"Jeans slim fit con diseño de cinco bolsillos, cintura con trabillas, cierre de botón y cremallera y confeccionados en algodón ligeramente elástico.",,,,25.99,Negro delavado,https://static.pullandbear.net/assets/public/b420/7ff9/d9bf4cefaf7f/87a7763abc26/07685506833-C/07685506833-C.jpg?ts=1721722450114&w=106&f=auto,7685/506,07685506,1030204730,In stock,Negro,Pantalón,Blanco,Modelo
Jeans standard,https://www.pullandbear.com/es/jeans-standard-l07685511?cS=833&pelement=662014594,https://static.pullandbear.net/2/photos//2024/I/0/2/p/7685/511/833/7685511833_4_1_0.jpg?imwidth=%3Awidth%3A&ts=1720507637921&w=438&f=auto,https://static.pullandbear.net/assets/public/f0a4/fa4e/5480463f9426/a4a004728499/07685510833-A2M/07685510833-A2M.jpg?ts=1720507634855&w=438&f=auto,25.99,"Jeans standard con cintura con trabillas, cierre de botón y cremallera, y diseño de cinco bolsillos.",,,,25.99,Negro delavado,https://static.pullandbear.net/assets/public/f1eb/4d60/1e714aeebac9/4bafd6f4cebd/07685510833-C/07685510833-C.jpg?ts=1720789437848&w=106&f=auto,7685/511,07685511,1030204730,In stock,Negro,Pantalón,Blanco,Modelo
Jeans slim,https://www.pullandbear.com/es/jeans-slim-l07685506?cS=427&pelement=662027261,https://static.pullandbear.net/assets/public/2392/75c5/55f44607a8d1/c0944a0bcb41/07685503427-M/07685503427-M.jpg?ts=1723208242367&w=438&f=auto,https://static.pullandbear.net/assets/public/42c6/05aa/cea24eceb940/e2ec97e15467/07685503427-A2M/07685503427-A2M.jpg?ts=1723208260594&w=438&f=auto,25.99,"Jeans slim fit con diseño de cinco bolsillos, cintura con trabillas, cierre de botón y cremallera y confeccionados en algodón ligeramente elástico.",,,,25.99,Azul medio,https://static.pullandbear.net/assets/public/0bb6/c6e1/05b64ba788b3/360b41ca2fff/07685540427-C/07685540427-C.jpg?ts=1728576415044&w=106&f=auto,7685/506,07685506,1030204730,In stock,Azul,Pantalón,Blanco,Modelo
Jeans skater,https://www.pullandbear.com/es/jeans-skater-l07685524?cS=922&pelement=662027235,https://static.pullandbear.net/assets/public/89f3/46ab/6e44459bbdd5/13e6241a2363/07685524922-M/07685524922-M.jpg?ts=1737631407273&w=438&f=auto,https://static.pullandbear.net/assets/public/bece/9998/52f144c6b3a8/323abc829880/0768552492200-A10M/0768552492200-A10M.jpg?ts=1729605731621&w=438&f=auto,29.99,"Jeans skater con diseño de cinco bolsillos, cintura con trabillas, cierre de botón y cremallera y confeccionados en tejido de algodón.",,,,29.99,Gris oscuro,https://static.pullandbear.net/assets/public/ef8e/0745/dddf4f08b6ba/9694bcbf8954/07685524922-C/07685524922-C.jpg?ts=1722957196721&w=106&f=auto,7685/524,07685524,1030204730,In stock,Gris,Pantalón,Blanco,Modelo
Jeans standard,https://www.pullandbear.com/es/jeans-standard-l07685511?cS=427&pelement=662014596,https://static.pullandbear.net/2/photos//2024/I/0/2/p/7685/511/427/7685511427_4_1_0.jpg?imwidth=%3Awidth%3A&ts=1720175970452&w=438&f=auto,https://static.pullandbear.net/assets/public/881e/918a/59724ddc8671/3d5a5a56b30b/07685511427-A2M/07685511427-A2M.jpg?ts=1720175963655&w=438&f=auto,25.99,"Jeans standard con cintura con trabillas, cierre de botón y cremallera, y diseño de cinco bolsillos.",,,,25.99,Azul medio,https://static.pullandbear.net/assets/public/c35e/2f8b/580f494abdf1/55cf947c4cc0/07685511427-C/07685511427-C.jpg?ts=1720789303259&w=106&f=auto,7685/511,07685511,1030204730,In stock,Azul,Pantalón,Blanco,Modelo
Jeans straight vintage,https://www.pullandbear.com/es/jeans-straight-vintage-l03687504?cS=922&pelement=662020716,https://static.pullandbear.net/assets/public/36d4/19da/60c549918088/e740d928b96a/03687504922-M/03687504922-M.jpg?ts=1737374619627&w=438&f=auto,https://static.pullandbear.net/assets/public/3134/7e98/5ada43d98085/39e730213f20/03687504922-A2M/03687504922-A2M.jpg?ts=1737374619941&w=438&f=auto,25.99,"Jeans straight con acabado lavado, diseño de cinco bolsillos, cintura con trabillas, cierre de botón y cremallera y confeccionados en algodón.",,,,25.99,Gris oscuro,https://static.pullandbear.net/assets/public/530d/af20/c4c24dbfa84c/82d1dd4fe724/03687504922-C/03687504922-C.jpg?ts=1733757042457&w=106&f=auto,3687/504,03687504,1030204730,In stock,Gris,Pantalón,Blanco,Modelo
Jeans carrot detalle rotos,https://www.pullandbear.com/es/jeans-carrot-detalle-rotos-l03683541?cS=434&pelement=665858895,https://static.pullandbear.net/assets/public/fccc/8fc7/801d477ab4a1/35a4b0b9d9fd/03683541434-M/03683541434-M.jpg?ts=1736784521791&w=438&f=auto,https://static.pullandbear.net/assets/public/e7e7/687f/0b4644f9b76a/5ed7b248aef9/03683541434-A2M/03683541434-A2M.jpg?ts=1736784704696&w=438&f=auto,29.99,"Jeans carrot fit con diseño de cinco bolsillos, detalle de rotos en la pernera, cintura con trabillas, cierre de botón y cremallera y confeccionados en algodón ligeramente elástico.",,,,29.99,Indigo claro,https://static.pullandbear.net/assets/public/5b9a/33e9/d8de47cba58c/d15afc07a5eb/03683541434-C/03683541434-C.jpg?ts=1737653662408&w=106&f=auto,3683/541,03683541,1030204730,In stock,Azul claro,Pantalón,Blanco,Modelo
Jeans baggy,https://www.pullandbear.com/es/jeans-baggy-l03685514?cS=407&pelement=662014313,https://static.pullandbear.net/assets/public/4e29/5e07/23a64c129560/2a2bcafc362c/07685526407-M/07685526407-M.jpg?ts=1723189226935&w=438&f=auto,https://static.pullandbear.net/assets/public/fb58/e795/f20449aeb84b/c0e65e9f2f57/07685526407-A2M/07685526407-A2M.jpg?ts=1723189224190&w=438&f=auto,29.99,"Jeans baggy disponibles en varios tonos, con logo, diseño de cinco bolsillos, cintura con trabillas, cierre de botón y cremallera y en 100% algodón.",,,,29.99,Azul oscuro,https://static.pullandbear.net/assets/public/209c/a6b4/a9eb488fafd3/8c55b383a23a/07685526407-C/07685526407-C.jpg?ts=1724415103271&w=106&f=auto,3685/514,03685514,1030204730,In stock,Azul,Pantalón,Blanco,Modelo
Jeans standard,https://www.pullandbear.com/es/jeans-standard-l07685511?cS=800&pelement=668010996,https://static.pullandbear.net/assets/public/d9cb/816f/3be244d8a916/6d979c01c721/07685544800-M/07685544800-M.jpg?ts=1732115919550&w=438&f=auto,https://static.pullandbear.net/assets/public/9a9d/156e/f12a46c298c3/3500bbace69e/07685544800-A2M/07685544800-A2M.jpg?ts=1731928234132&w=438&f=auto,25.99,"Jeans standard con cintura con trabillas, cierre de botón y cremallera, y diseño de cinco bolsillos.",,,,25.99,Negro,https://static.pullandbear.net/assets/public/5b15/9f61/acea411ea3cd/83ab227c8d0f/07685544800-C/07685544800-C.jpg?ts=1732017612858&w=106&f=auto,7685/511,07685511,1030204730,In stock,Negro,Pantalón,Blanco,Modelo
Jeans slim,https://www.pullandbear.com/es/jeans-slim-l07685506?cS=800&pelement=662027258,https://static.pullandbear.net/assets/public/47b8/461a/ce88461a8a6d/3c9ede26d107/08683516800-M/08683516800-M.jpg?ts=1722942886202&w=438&f=auto,https://static.pullandbear.net/assets/public/3fd8/52d9/ca484d7cabfa/081e499c80fe/08683516800-A2M/08683516800-A2M.jpg?ts=1722942888660&w=438&f=auto,25.99,"Jeans slim fit con diseño de cinco bolsillos, cintura con trabillas, cierre de botón y cremallera y confeccionados en algodón ligeramente elástico.",,,,25.99,Negro,https://static.pullandbear.net/assets/public/6338/84b7/7e0749c0b995/bb05da3ac8d1/08683516800-C/08683516800-C.jpg?ts=1722942877781&w=106&f=auto,7685/506,07685506,1030204730,In stock,Negro,Pantalón,Blanco,Modelo
Jeans slim,https://www.pullandbear.com/es/jeans-slim-l07685506?cS=406&pelement=662027264,https://static.pullandbear.net/2/photos//2024/I/0/2/p/7685/506/406/7685506406_4_1_0.jpg?imwidth=%3Awidth%3A&ts=1719233181081&w=438&f=auto,https://static.pullandbear.net/assets/public/ac9a/1488/aa5e4eacbbbd/f0b7277bb017/07685506406-A2M/07685506406-A2M.jpg?ts=1719233199865&w=438&f=auto,25.99,"Jeans slim fit con diseño de cinco bolsillos, cintura con trabillas, cierre de botón y cremallera y confeccionados en algodón ligeramente elástico.",,,,25.99,Azul claro,https://static.pullandbear.net/assets/public/2c81/0f95/daed4b3fa48d/62338747a16d/07685506406-C/07685506406-C.jpg?ts=1718295759083&w=106&f=auto,7685/506,07685506,1030204730,In stock,Azul claro,Pantalón,Blanco,Modelo
Jeans skater,https://www.pullandbear.com/es/jeans-skater-l07685524?cS=415&pelement=662027233,https://static.pullandbear.net/assets/public/718e/db10/ccf3400a9c7f/cd0c005992ee/07685524415-M/07685524415-M.jpg?ts=1737717165877&w=438&f=auto,https://static.pullandbear.net/assets/public/234a/0eef/da824144a128/775ded0ef4ab/07685524415-A2M/07685524415-A2M.jpg?ts=1737717165770&w=438&f=auto,29.99,"Jeans skater con diseño de cinco bolsillos, cintura con trabillas, cierre de botón y cremallera y confeccionados en tejido de algodón.",,,,29.99,Azul flúor,https://static.pullandbear.net/assets/public/c035/b1fc/367e4a58843f/ab4567348c75/07685524415-C/07685524415-C.jpg?ts=1722951938541&w=106&f=auto,7685/524,07685524,1030204730,In stock,Azul claro,Pantalón,Blanco,Modelo
Jeans baggy loose,https://www.pullandbear.com/es/jeans-baggy-loose-l03687503?cS=427&pelement=662020906,https://static.pullandbear.net/assets/public/6724/fba9/4b62479a99bb/a1a6c81f9724/03687503427-M/03687503427-M.jpg?ts=1736760563348&w=438&f=auto,https://static.pullandbear.net/2/photos//2025/V/0/2/p/3687/503/427/3687503427_2_2_8.jpg?t=1736760364476&w=438&f=auto,29.99,"Jeans baggy loose fit con diseño de cinco bolsillos, cintura con trabillas, cierre de botón y cremallera y confeccionados en algodón.",,,,29.99,Azul medio,https://static.pullandbear.net/assets/public/9c58/5004/c97a4468bbf9/f2aa3671f3eb/03687503427-C/03687503427-C.jpg?ts=1738852599701&w=106&f=auto,3687/503,03687503,1030204730,In stock,Azul,Pantalón,Blanco,Modelo
Jeans slim,https://www.pullandbear.com/es/jeans-slim-l07685506?cS=415&pelement=662027257,https://static.pullandbear.net/assets/public/f3f0/a32a/049b4d708f5e/f13a454f6ccb/07685503415-M/07685503415-M.jpg?ts=1721841001680&w=438&f=auto,https://static.pullandbear.net/assets/public/3ebe/141d/cb564477ae83/854ebf9c1340/07685503415-A2M/07685503415-A2M.jpg?ts=1721840996330&w=438&f=auto,25.99,"Jeans slim fit con diseño de cinco bolsillos, cintura con trabillas, cierre de botón y cremallera y confeccionados en algodón ligeramente elástico.",,,,25.99,Azul flúor,https://static.pullandbear.net/assets/public/6fc6/d126/09c14bc2b166/b64a3041f399/07685503415-C/07685503415-C.jpg?ts=1721841000756&w=106&f=auto,7685/506,07685506,1030204730,In stock,Azul claro,Pantalón,Blanco,Modelo
Jeans super baggy acabado lavado,https://www.pullandbear.com/es/jeans-super-baggy-acabado-lavado-l03683506?cS=815&pelement=662014935,https://static.pullandbear.net/assets/public/6e2f/71a4/0b404d48bb20/733bed0e134e/03683506815-A1M/03683506815-A1M.jpg?ts=1732789693095&w=438&f=auto,https://static.pullandbear.net/assets/public/7925/e458/5fed47eeaf1b/2d8e95f31332/03683506815-M/03683506815-M.jpg?ts=1732789706765&w=438&f=auto,35.99,"Jeans super baggy disponibles en varios tonos con acabado lavado, con diseño de cinco bolsillos, cintura con trabillas, cierre de botón y cremallera y confeccionados en algodón.",,,,35.99,Piedra vigoré,https://static.pullandbear.net/assets/public/3c24/f40c/a133411b9cdd/8774e26d1ebe/03683506815-C/03683506815-C.jpg?ts=1732536291281&w=106&f=auto,3683/506,03683506,1030204730,In stock,Gris,Pantalón,Blanco,Modelo
Jeans carrot acabado lavado,https://www.pullandbear.com/es/jeans-carrot-acabado-lavado-l07685507?cS=427&pelement=662027253,https://static.pullandbear.net/assets/public/1f38/db04/9b194456bc72/76ccf7d26d8c/07685507427-M/07685507427-M.jpg?ts=1722951659917&w=438&f=auto,https://static.pullandbear.net/assets/public/f2e3/4d51/87df4545a1df/aacad7b56183/07685507427-A2M/07685507427-A2M.jpg?ts=1722951642500&w=438&f=auto,19.99,"Jeans carrot fit con acabado lavado, diseño de cinco bolsillos, cintura con trabillas, cierre de botón y cremallera y en algodón ligeramente elástico.",,,,19.99,Azul medio,https://static.pullandbear.net/assets/public/6905/322a/522349428bec/e5a410556944/07685507427-C/07685507427-C.jpg?ts=1721829911181&w=106&f=auto,7685/507,07685507,1030204730,In stock,Azul,Pantalón,Blanco,Modelo
Jeans carrot rotos,https://www.pullandbear.com/es/jeans-carrot-rotos-l03683542?cS=833&pelement=665858925,https://static.pullandbear.net/assets/public/0fe1/cf9e/b4294142ab91/d27503ebe452/07684510833-M/07684510833-M.jpg?ts=1723208214323&w=438&f=auto,https://static.pullandbear.net/assets/public/7850/863a/b4564fe58bd5/669b7258f1af/07684510833-A2M/07684510833-A2M.jpg?ts=1723208202963&w=438&f=auto,29.99,"Jeans carrot fit con detalle de rotos, diseño de cinco bolsillos, cintura con trabillas, cierre de botón y cremallera y en algodón ligeramente elástico.",,,,29.99,Negro delavado,https://static.pullandbear.net/assets/public/4e47/f000/9cd5489abe9b/79a5e0b67531/07684510833-C/07684510833-C.jpg?ts=1720012648933&w=106&f=auto,3683/542,03683542,1030204730,In stock,Negro,Pantalón,Blanco,Modelo
Jeans loose fit,https://www.pullandbear.com/es/jeans-loose-fit-l03683508?cS=922&pelement=662026879,https://static.pullandbear.net/assets/public/f1b3/7d13/dbe64fba89d2/9f6e8755e270/03683508922-M/03683508922-M.jpg?ts=1736759998399&w=438&f=auto,https://static.pullandbear.net/assets/public/9f4f/ab35/97184891a727/e7bf0f2cedcc/03683508922-A2M/03683508922-A2M.jpg?ts=1736760415526&w=438&f=auto,29.99,"Jeans loose fit con diseño de cinco bolsillos, con cintura con trabillas, cierre de botón y cremallera y confeccionados en tejido de algodón.",,,,29.99,Gris oscuro,https://static.pullandbear.net/assets/public/8bf5/8834/86af435dba74/bce381c0f72b/03683508922-C/03683508922-C.jpg?ts=1736770309352&w=106&f=auto,3683/508,03683508,1030204730,In stock,Gris,Pantalón,Blanco,Modelo
Jeans baggy loose,https://www.pullandbear.com/es/jeans-baggy-loose-l03687503?cS=406&pelement=662020908,https://static.pullandbear.net/assets/public/75c9/96f6/22b34067be21/3b9db6380147/03687503406-A1M/03687503406-A1M.jpg?ts=1736760039555&w=438&f=auto,https://static.pullandbear.net/assets/public/1724/37ba/9dbe4b9aa6be/f13346d8cb9f/03687503406-M/03687503406-M.jpg?ts=1736760271759&w=438&f=auto,29.99,"Jeans baggy loose fit con diseño de cinco bolsillos, cintura con trabillas, cierre de botón y cremallera y confeccionados en algodón.",,,,29.99,Azul claro,https://static.pullandbear.net/assets/public/a890/34ab/2b3a444a9ab2/16322bb1056a/03687503406-C/03687503406-C.jpg?ts=1738852594980&w=106&f=auto,3687/503,03687503,1030204730,In stock,Azul claro,Pantalón,Blanco,Modelo
Jeans cargo straight,https://www.pullandbear.com/es/jeans-cargo-straight-l03683500?cS=434&pelement=662014587,https://static.pullandbear.net/assets/public/0b6d/36bb/e2e047cfa69a/8a9dfad50d78/03683500434-A1M/03683500434-A1M.jpg?ts=1732536032724&w=438&f=auto,https://static.pullandbear.net/assets/public/cbba/38e2/821b4ae09569/f0853d9244c8/03683500434-M/03683500434-M.jpg?ts=1732536043080&w=438&f=auto,29.99,"Jeans cargo straight con diseño multibolsillos, con cintura elástica, cierre de botón y cremallera y confeccionados en algodón.",,,,29.99,Indigo claro,https://static.pullandbear.net/assets/public/9920/d2be/1224426f872d/52e60afc7059/03683500434-C/03683500434-C.jpg?ts=1733136268474&w=106&f=auto,3683/500,03683500,1030204730,In stock,Azul claro,Pantalón,Blanco,Modelo
Jeans slim,https://www.pullandbear.com/es/jeans-slim-l07685506?cS=802&pelement=662027263,https://static.pullandbear.net/assets/public/cb32/2862/cce74a9388ac/cb1395dc02b6/07685503802-M/07685503802-M.jpg?ts=1724856696525&w=438&f=auto,https://static.pullandbear.net/assets/public/b21d/5a7d/52a4457688b8/81518660cac3/07685503802-A2M/07685503802-A2M.jpg?ts=1723449005364&w=438&f=auto,25.99,"Jeans slim fit con diseño de cinco bolsillos, cintura con trabillas, cierre de botón y cremallera y confeccionados en algodón ligeramente elástico.",,,,25.99,Gris,https://static.pullandbear.net/assets/public/79ac/9bda/25204022bbd0/20d6784422f8/07685503802-C/07685503802-C.jpg?ts=1724051538273&w=106&f=auto,7685/506,07685506,1030204730,In stock,Gris,Pantalón,Blanco,Modelo
Jeans slim,https://www.pullandbear.com/es/jeans-slim-l07685506?cS=401&pelement=662027256,https://static.pullandbear.net/assets/public/d421/ae32/18214977a220/6a64eb26eae2/07685503401-M/07685503401-M.jpg?ts=1723449236350&w=438&f=auto,https://static.pullandbear.net/assets/public/f868/246d/18a94f16b781/753ceccb7243/07685503401-A2M/07685503401-A2M.jpg?ts=1723449030897&w=438&f=auto,25.99,"Jeans slim fit con diseño de cinco bolsillos, cintura con trabillas, cierre de botón y cremallera y confeccionados en algodón ligeramente elástico.",,,,25.99,Marino,https://static.pullandbear.net/assets/public/6243/d807/25f54960af49/cc1104d7913c/07685503401-C/07685503401-C.jpg?ts=1724938166400&w=106&f=auto,7685/506,07685506,1030204730,In stock,Azul,Pantalón,Blanco,Modelo
Jeans carrot acabado lavado,https://www.pullandbear.com/es/jeans-carrot-acabado-lavado-l07685507?cS=434&pelement=662027248,https://static.pullandbear.net/assets/public/63fc/f08f/c2c649c6b46a/038bc0d984ca/07685507434-M/07685507434-M.jpg?ts=1722951658046&w=438&f=auto,https://static.pullandbear.net/assets/public/e51c/0566/c3544a8898c2/9365d92fe6eb/07685507434-A2M/07685507434-A2M.jpg?ts=1722951758075&w=438&f=auto,19.99,"Jeans carrot fit con acabado lavado, diseño de cinco bolsillos, cintura con trabillas, cierre de botón y cremallera y en algodón ligeramente elástico.",,,,19.99,Indigo claro,https://static.pullandbear.net/assets/public/cd6b/3724/da6d44318360/063ca5f211ee/07685507434-C/07685507434-C.jpg?ts=1721829916524&w=106&f=auto,7685/507,07685507,1030574254,In stock,Azul claro,Pantalón,Blanco,Modelo
Jeans super baggy acabado lavado,https://www.pullandbear.com/es/jeans-super-baggy-acabado-lavado-l03683506?cS=415&pelement=662014934,https://static.pullandbear.net/assets/public/5e7b/c294/5225409ab1ac/eaa8abe0c3fd/07685538415-A1M/07685538415-A1M.jpg?ts=1732709933327&w=438&f=auto,https://static.pullandbear.net/assets/public/48d7/6c60/4b7b4904b29a/5fa82debe622/07685538415-M/07685538415-M.jpg?ts=1732710437614&w=438&f=auto,35.99,"Jeans super baggy disponibles en varios tonos con acabado lavado, con diseño de cinco bolsillos, cintura con trabillas, cierre de botón y cremallera y confeccionados en algodón.",,,,35.99,Azul flúor,https://static.pullandbear.net/assets/public/756d/eeaf/282f49e4b178/680acd6914c4/07685538415-C/07685538415-C.jpg?ts=1733136991979&w=106&f=auto,3683/506,03683506,1030204730,In stock,Azul claro,Pantalón,Blanco,Modelo
Jeans skater,https://www.pullandbear.com/es/jeans-skater-l07685524?cS=406&pelement=662027236,https://static.pullandbear.net/assets/public/d0cd/b310/b7974a0a9a5a/4b9756d8b5dd/03687506406-M/03687506406-M.jpg?ts=1737453545693&w=438&f=auto,https://static.pullandbear.net/assets/public/2801/49a2/afac4273ba24/2a186c1ff522/03687506406-A2M/03687506406-A2M.jpg?ts=1737453545612&w=438&f=auto,29.99,"Jeans skater con diseño de cinco bolsillos, cintura con trabillas, cierre de botón y cremallera y confeccionados en tejido de algodón.",,,,29.99,Azul claro,https://static.pullandbear.net/assets/public/5e24/c1a3/5f6945e6839d/05b9f3eba8ff/03687506406-C/03687506406-C.jpg?ts=1737539640189&w=106&f=auto,7685/524,07685524,1030017537,In stock,Azul claro,Pantalón,Blanco,Modelo
Jeans loose fit,https://www.pullandbear.com/es/jeans-loose-fit-l03683508?cS=401&pelement=662026876,https://static.pullandbear.net/assets/public/3e6c/f2f6/98bd4ea2909f/5902a1e0d7a2/03683508401-M/03683508401-M.jpg?ts=1736760239441&w=438&f=auto,https://static.pullandbear.net/assets/public/f529/8890/ecb1437f8c84/2bc2b8bc7f3a/03683508401-A2M/03683508401-A2M.jpg?ts=1736760324578&w=438&f=auto,29.99,"Jeans loose fit con diseño de cinco bolsillos, con cintura con trabillas, cierre de botón y cremallera y confeccionados en tejido de algodón.",,,,29.99,Marino,https://static.pullandbear.net/assets/public/2ec9/c55f/dd7343398fba/3c58d3b00469/03683508401-C/03683508401-C.jpg?ts=1737361816424&w=106&f=auto,3683/508,03683508,1030204730,In stock,Azul,Pantalón,Blanco,Modelo
Jeans baggy loose,https://www.pullandbear.com/es/jeans-baggy-loose-l03687503?cS=407&pelement=662020909,https://static.pullandbear.net/assets/public/566b/1619/d3b9461e9763/5561082fe39f/03687503407-M/03687503407-M.jpg?ts=1736760250048&w=438&f=auto,https://static.pullandbear.net/assets/public/b80f/026c/374e4bd1b72e/e32722222a42/03687503407-A2M/03687503407-A2M.jpg?ts=1736760176013&w=438&f=auto,29.99,"Jeans baggy loose fit con diseño de cinco bolsillos, cintura con trabillas, cierre de botón y cremallera y confeccionados en algodón.",,,,29.99,Azul oscuro,https://static.pullandbear.net/assets/public/0032/bf94/ff99415fad54/e145a0c87509/03687503407-C/03687503407-C.jpg?ts=1738852598660&w=106&f=auto,3687/503,03687503,1030204730,In stock,Azul,Pantalón,Blanco,Modelo
Jeans baggy,https://www.pullandbear.com/es/jeans-baggy-l03685514?cS=823&pelement=662014309,https://static.pullandbear.net/assets/public/355a/493d/f71148f785cd/075637333b00/07685912823-M/07685912823-M.jpg?ts=1728913739991&w=438&f=auto,https://static.pullandbear.net/assets/public/d37c/51b7/ba014915bd2a/eafb8eebf102/07685912823-A2M/07685912823-A2M.jpg?ts=1728913747086&w=438&f=auto,29.99,"Jeans baggy disponibles en varios tonos, con logo, diseño de cinco bolsillos, cintura con trabillas, cierre de botón y cremallera y en 100% algodón.",,,,29.99,Negro vigoré,https://static.pullandbear.net/assets/public/3f5d/4413/fb8647d5ab75/a8d8c881b9e1/07685912823-C/07685912823-C.jpg?ts=1721746651009&w=106&f=auto,3685/514,03685514,1030204730,In stock,Negro,Pantalón,Blanco,Modelo
Jeans straight vintage,https://www.pullandbear.com/es/jeans-straight-vintage-l03687504?cS=407&pelement=662020717,https://static.pullandbear.net/assets/public/f4f2/fe72/b5a6425ea207/8b0f21e83b48/03687504407-M/03687504407-M.jpg?ts=1737374620147&w=438&f=auto,https://static.pullandbear.net/assets/public/fdb4/368d/3a8f49e7a38c/384a08b32801/03687504407-A2M/03687504407-A2M.jpg?ts=1737374619887&w=438&f=auto,25.99,"Jeans straight con acabado lavado, diseño de cinco bolsillos, cintura con trabillas, cierre de botón y cremallera y confeccionados en algodón.",,,,25.99,Azul oscuro,https://static.pullandbear.net/assets/public/1d1d/4782/271048e18853/231a06908049/03687504407-C/03687504407-C.jpg?ts=1733757021964&w=106&f=auto,3687/504,03687504,1030204730,In stock,Azul,Pantalón,Blanco,Modelo
Jeans cargo superbaggy,https://www.pullandbear.com/es/jeans-cargo-superbaggy-l03683523?cS=415&pelement=662014172,https://static.pullandbear.net/assets/public/5ff2/568a/78cd4e5bb28c/2c2b27fcfbac/03683523415-M/03683523415-M.jpg?ts=1738573482141&w=438&f=auto,https://static.pullandbear.net/assets/public/0bc8/83f7/53ae4cd3a150/e30e893f1d78/03683523415-A2M/03683523415-A2M.jpg?ts=1738573479240&w=438&f=auto,45.99,"Jeans cargo superbaggy con cintura con trabillas, bolsillos, y cierre de cremallera y botón.",,,,45.99,Azul flúor,https://static.pullandbear.net/assets/public/d4c8/7040/3af8445c8000/340365ee0b02/03683523415-C/03683523415-C.jpg?ts=1737725515448&w=106&f=auto,3683/523,03683523,1030204730,In stock,Azul claro,Pantalón,Blanco,Modelo
Jeans baggy flecos,https://www.pullandbear.com/es/jeans-baggy-flecos-l03683525?cS=800&pelement=662027021,https://static.pullandbear.net/assets/public/324d/2b53/24c347be9a7e/d821663fe103/03683525800-M/03683525800-M.jpg?ts=1738573492688&w=438&f=auto,https://static.pullandbear.net/assets/public/b60a/1531/5503412b96da/b8351e2e2c3d/03683525800-A2M/03683525800-A2M.jpg?ts=1738573490245&w=438&f=auto,39.99,"Jeans baggy con detalles desflecados, cintura con trabillas, bolsillos, y cierre de cremallera y botón.",,,,39.99,Negro,https://static.pullandbear.net/assets/public/3c1f/eb8a/748f4617aad4/f2e8a68eb605/03683525800-C/03683525800-C.jpg?ts=1737725515542&w=106&f=auto,3683/525,03683525,1030204730,In stock,Negro,Pantalón,Blanco,Modelo
Jeans super baggy,https://www.pullandbear.com/es/jeans-super-baggy-l03683524?cS=400&pelement=662026748,https://static.pullandbear.net/assets/public/fb7f/f334/cb09495389af/cdf806930e5d/03683524400-M/03683524400-M.jpg?ts=1732547278483&w=438&f=auto,https://static.pullandbear.net/assets/public/cec4/2eca/85d345af8eee/2544bdb1e2c3/03683524400-A2M/03683524400-A2M.jpg?ts=1732547257811&w=438&f=auto,39.99,"Jeans super baggy con diseño de cinco bolsillos, cintura con trabillas, y cierre de cremallera y botón.",,,,39.99,Azul,https://static.pullandbear.net/assets/public/ffff/cb61/3a7c4bf0a332/779c43ace5e1/03683524400-C/03683524400-C.jpg?ts=1732547283779&w=106&f=auto,3683/524,03683524,1030204730,In stock,Azul,Pantalón,Blanco,Modelo
Jeans skater cuadros,https://www.pullandbear.com/es/jeans-skater-cuadros-l03683507?cS=445&pelement=662021498,https://static.pullandbear.net/assets/public/8097/d811/72804a8a9fd8/88af203db6e3/03683507445-M/03683507445-M.jpg?ts=1738573471610&w=438&f=auto,https://static.pullandbear.net/assets/public/e02d/ef0b/68514342b011/f5c3270cd513/03683507445-A2M/03683507445-A2M.jpg?ts=1738667579085&w=438&f=auto,39.99,"Jeans skater con diseño jacquard damero, cinco bolsillos, cintura con trabillas, cierre de botón y cremallera y confeccionados en tejido de algodón.  Total look",,,,39.99,Azul verdoso,https://static.pullandbear.net/assets/public/8b5b/7985/c2ab4715b614/a85da041e655/03683507445-c/03683507445-c.jpg?ts=1738753125914&w=106&f=auto,3683/507,03683507,1030204730,In stock,Azul,Pantalón,Blanco,Modelo
Jeans jogger baggy jacquard,https://www.pullandbear.com/es/jeans-jogger-baggy-jacquard-l03683513?cS=434&pelement=664248871,https://static.pullandbear.net/assets/public/7e8c/09c3/1afa451eb889/98d5c4e42080/03683513434-M/03683513434-M.jpg?ts=1736330226046&w=438&f=auto,https://static.pullandbear.net/assets/public/a0c7/9a6a/ba9f4f7a8008/793af014e07d/03683513434-A2M/03683513434-A2M.jpg?ts=1736330225302&w=438&f=auto,35.99,"Jeans jogger de corte baggy en tejido jacquard, con cintura elástica con cordón, bolsillos y en 100% algodón.",,,,35.99,Indigo claro,https://static.pullandbear.net/assets/public/41a9/b352/c16d49489d99/4249f2d7f5ed/03683513434-C/03683513434-C.jpg?ts=1736346195214&w=106&f=auto,3683/513,03683513,1030204730,In stock,Azul claro,Pantalón,Blanco,Modelo
Jeans super baggy,https://www.pullandbear.com/es/jeans-super-baggy-l03683509?cS=922&pelement=662031851,https://static.pullandbear.net/assets/public/a91f/f70b/dcd4456ca90a/29108451aab7/03683509922-M/03683509922-M.jpg?ts=1737634419923&w=438&f=auto,https://static.pullandbear.net/assets/public/e1c2/04a5/715b42d882db/516c4bded117/03683509922-A2M/03683509922-A2M.jpg?ts=1737643159281&w=438&f=auto,35.99,"Jeans super baggy disponibles en varios tonos, diseño de cinco bolsillos y cierre de botón y cremallera.",,,,35.99,Gris oscuro,https://static.pullandbear.net/assets/public/6b8c/84e4/249d415393c9/481e80f38d4b/03683509922-C/03683509922-C.jpg?ts=1734342501418&w=106&f=auto,3683/509,03683509,1030204730,In stock,Gris,Pantalón,Blanco,Modelo
Jeans super baggy,https://www.pullandbear.com/es/jeans-super-baggy-l03683509?cS=415&pelement=662031849,https://static.pullandbear.net/assets/public/bc8c/c40c/071847ed8c3c/090dec3e1d83/03683509415-M/03683509415-M.jpg?ts=1737369429465&w=438&f=auto,https://static.pullandbear.net/assets/public/8d40/cdf0/e1b244b98b7f/37acbaf1f26f/03683509415-A2M/03683509415-A2M.jpg?ts=1737369428971&w=438&f=auto,35.99,"Jeans super baggy disponibles en varios tonos, diseño de cinco bolsillos y cierre de botón y cremallera.",,,,35.99,Azul flúor,https://static.pullandbear.net/assets/public/2b73/a6e6/d5964970a178/67db784c2df6/03683509415-C/03683509415-C.jpg?ts=1736853027211&w=106&f=auto,3683/509,03683509,1030204730,In stock,Azul claro,Pantalón,Blanco,Modelo
Jeans super baggy,https://www.pullandbear.com/es/jeans-super-baggy-l03683509?cS=434&pelement=662031848,https://static.pullandbear.net/assets/public/311c/51bd/c27c452696ef/9d6bb6cac13b/03683509434-A1M/03683509434-A1M.jpg?ts=1737369429384&w=438&f=auto,https://static.pullandbear.net/assets/public/7f1c/286f/8ba24ac08f0a/24d430569e17/03683509434-M/03683509434-M.jpg?ts=1737369429136&w=438&f=auto,35.99,"Jeans super baggy disponibles en varios tonos, diseño de cinco bolsillos y cierre de botón y cremallera.",,,,35.99,Indigo claro,https://static.pullandbear.net/assets/public/8dc0/0cb9/0b984beb8f12/72c30f516a23/03683509434-C/03683509434-C.jpg?ts=1738852591605&w=106&f=auto,3683/509,03683509,1030204730,In stock,Azul claro,Pantalón,Blanco,Modelo
Jeans super baggy acabado lavado,https://www.pullandbear.com/es/jeans-super-baggy-acabado-lavado-l03683506?cS=833&pelement=662014933,https://static.pullandbear.net/assets/public/6271/7712/f64a41bf8a6e/f35bafad1258/07685538833-M/07685538833-M.jpg?ts=1732802242946&w=438&f=auto,https://static.pullandbear.net/assets/public/a5b8/184b/f5d94b77b517/89d4913e1dda/03683506833-E/03683506833-E.jpg?ts=1736339055001&w=438&f=auto,35.99,"Jeans super baggy disponibles en varios tonos con acabado lavado, con diseño de cinco bolsillos, cintura con trabillas, cierre de botón y cremallera y confeccionados en algodón.",,,,35.99,Negro delavado,https://static.pullandbear.net/assets/public/3baa/99a8/6cac45d8be2a/e4e093aee014/07685538833-C/07685538833-C.jpg?ts=1733137004161&w=106&f=auto,3683/506,03683506,1030204730,In stock,Negro,Pantalón,Blanco,Modelo
Jeans loose fit,https://www.pullandbear.com/es/jeans-loose-fit-l03683508?cS=445&pelement=662026877,https://static.pullandbear.net/assets/public/d08a/3d9c/f51b4b8d81f6/a7a2a3437a92/03683508445-M/03683508445-M.jpg?ts=1736760007618&w=438&f=auto,https://static.pullandbear.net/assets/public/d495/c699/fe524593b61a/8f73c2d2f45e/03683508445-A2M/03683508445-A2M.jpg?ts=1736760313989&w=438&f=auto,29.99,"Jeans loose fit con diseño de cinco bolsillos, con cintura con trabillas, cierre de botón y cremallera y confeccionados en tejido de algodón.",,,,29.99,Azul verdoso,https://static.pullandbear.net/assets/public/a53f/7e80/533b4e668e92/21287224d9fc/03683508445-C/03683508445-C.jpg?ts=1736770121958&w=106&f=auto,3683/508,03683508,1030204730,In stock,Azul,Pantalón,Blanco,Modelo
Jeans carrot detalle rotos,https://www.pullandbear.com/es/jeans-carrot-detalle-rotos-l03683539?cS=922&pelement=665858891,https://static.pullandbear.net/assets/public/041b/e209/c8f1494c96d4/649892fd740d/03683539922-M/03683539922-M.jpg?ts=1736783341847&w=438&f=auto,https://static.pullandbear.net/assets/public/87b0/cef0/5887443fb82c/1e6a46a97fca/03683539922-A2M/03683539922-A2M.jpg?ts=1737642963506&w=438&f=auto,29.99,"Jeans carrot fit con detalle de rotos, con diseño de cinco bolsillos, cintura con trabillas, cierre de botón y cremallera y en algodón ligeramente elástico.",,,,29.99,Gris oscuro,https://static.pullandbear.net/assets/public/69a7/90b4/97554ba39eb6/634a9b9b59cb/03683539922-C/03683539922-C.jpg?ts=1737653661083&w=106&f=auto,3683/539,03683539,1030204730,In stock,Gris,Pantalón,Blanco,Modelo
Jeans skater,https://www.pullandbear.com/es/jeans-skater-l03683907?cS=833&pelement=669538742,https://static.pullandbear.net/assets/public/eeea/14c2/2e39454c983c/886bd8f5a65e/03683907833-M/03683907833-M.jpg?ts=1737978119346&w=438&f=auto,https://static.pullandbear.net/assets/public/cf78/9c20/83744aebb3fc/12e750a13c01/03683907833-A2M/03683907833-A2M.jpg?ts=1737978119383&w=438&f=auto,39.99,"Jeans skater anchos con diseño de cinco bolsillos, cintura con trabillas, y cierre de cremallera y botón.",,,,39.99,Negro delavado,https://static.pullandbear.net/assets/public/97c4/daa9/194b49d1b96f/44c32ec7ea63/03683907833-C/03683907833-C.jpg?ts=1737122644973&w=106&f=auto,3683/907,03683907,1030204730,In stock,Negro,Pantalón,Blanco,Modelo
Jeans wide leg carpenter,https://www.pullandbear.com/es/jeans-wide-leg-carpenter-l03683518?cS=427&pelement=664429985,https://static.pullandbear.net/assets/public/6d97/bb92/88b64ae2b30b/007dc47bd6c0/03683518427-M/03683518427-M.jpg?ts=1738576158942&w=438&f=auto,https://static.pullandbear.net/assets/public/57b5/62fe/6e9142ca86ed/bfcc50dc1306/03683518427-A2M/03683518427-A2M.jpg?ts=1738576158673&w=438&f=auto,39.99,"Jeans wide leg carpenter con bolsillos, cintura con trabillas, cierre de botón y cremallera y confeccionados en algodón.",,,,39.99,Azul medio,https://static.pullandbear.net/assets/public/650e/8345/ebfb4a0397e4/86cb608352d4/03683518427-C/03683518427-C.jpg?ts=1737652986085&w=106&f=auto,3683/518,03683518,1030574254,In stock,Azul,Pantalón,Blanco,Modelo
Jeans baggy,https://www.pullandbear.com/es/jeans-baggy-l03685514?cS=400&pelement=664096510,https://static.pullandbear.net/assets/public/3585/8373/b93f40b1bd01/ac33816acb91/07685526400-M/07685526400-M.jpg?ts=1722951712302&w=438&f=auto,https://static.pullandbear.net/assets/public/7a84/e9cc/90ff42f28518/c5c2e62708da/07685526400-A2M/07685526400-A2M.jpg?ts=1722951718815&w=438&f=auto,29.99,"Jeans baggy disponibles en varios tonos, con logo, diseño de cinco bolsillos, cintura con trabillas, cierre de botón y cremallera y en 100% algodón.",,,,29.99,Azul,https://static.pullandbear.net/assets/public/cb94/a491/878e4170a43b/00a783272ceb/07685526400-C/07685526400-C.jpg?ts=1721746640502&w=106&f=auto,3685/514,03685514,1030204730,In stock,Azul,Pantalón,Blanco,Modelo
Jeans carpenter tachas,https://www.pullandbear.com/es/jeans-carpenter-tachas-l03683521?cS=800&pelement=662031940,https://static.pullandbear.net/assets/public/5ca4/ff7c/ae2e45b19f84/6191b8682e9a/03683521800-A1M/03683521800-A1M.jpg?ts=1738573474703&w=438&f=auto,https://static.pullandbear.net/assets/public/f190/15a1/146a44548a6c/208730f2b7bf/03683521800-M/03683521800-M.jpg?ts=1738573476235&w=438&f=auto,45.99,"Jeans carpenter wide leg de color negro con detalle de tachas, con diseño de cinco bolsillos, cintura con trabillas, cierre de botón y cremallera y en 100% algodón.",,,,45.99,Negro,https://static.pullandbear.net/assets/public/7bac/1558/2ba1427093db/58b972a8361a/03683521800-C/03683521800-C.jpg?ts=1737122643176&w=106&f=auto,3683/521,03683521,1030204730,In stock,Negro,Pantalón,Blanco,Modelo
Jeans super baggy,https://www.pullandbear.com/es/jeans-super-baggy-l03683509?cS=800&pelement=662031850,https://static.pullandbear.net/assets/public/2d44/949f/b4cb42278c94/8db8f80d9472/03683509800-M/03683509800-M.jpg?ts=1737369429479&w=438&f=auto,https://static.pullandbear.net/assets/public/d5de/15bd/05504c90b944/d076b65a5b7b/03683509800-A2M/03683509800-A2M.jpg?ts=1737369428634&w=438&f=auto,35.99,"Jeans super baggy disponibles en varios tonos, diseño de cinco bolsillos y cierre de botón y cremallera.",,,,35.99,Negro,https://static.pullandbear.net/assets/public/def8/e671/ba244312989f/d544a9aa8fa8/03683509800-C/03683509800-C.jpg?ts=1736853164532&w=106&f=auto,3683/509,03683509,1030204730,In stock,Negro,Pantalón,Blanco,Modelo
Jeans slim,https://www.pullandbear.com/es/jeans-slim-l07685506?cS=405&pelement=662027260,https://static.pullandbear.net/assets/public/9bdd/f242/e38740fabfca/46e27a3ee753/07685503405-M/07685503405-M.jpg?ts=1732889859945&w=438&f=auto,https://static.pullandbear.net/assets/public/4c64/d9f0/d30c4f0d9081/6616900933f3/07685503405-A2M/07685503405-A2M.jpg?ts=1732889815153&w=438&f=auto,25.99,"Jeans slim fit con diseño de cinco bolsillos, cintura con trabillas, cierre de botón y cremallera y confeccionados en algodón ligeramente elástico.",,,,25.99,Indigo,https://static.pullandbear.net/assets/public/7b04/9987/e1354f13ba72/3732c230ed83/07685503405-C/07685503405-C.jpg?ts=1726673689556&w=106&f=auto,7685/506,07685506,1030204730,In stock,Azul claro,Pantalón,Blanco,Modelo
Jeans carrot acabado lavado,https://www.pullandbear.com/es/jeans-carrot-acabado-lavado-l07685507?cS=833&pelement=662027250,https://static.pullandbear.net/assets/public/9d40/2e1a/37394d6d85a9/0a49868ecfeb/07685508833-M/07685508833-M.jpg?ts=1722951680936&w=438&f=auto,https://static.pullandbear.net/assets/public/860d/e071/56764c9d9ec2/fcc69a96ddb3/07685508833-A2M/07685508833-A2M.jpg?ts=1722951667679&w=438&f=auto,19.99,"Jeans carrot fit con acabado lavado, diseño de cinco bolsillos, cintura con trabillas, cierre de botón y cremallera y en algodón ligeramente elástico.",,,,19.99,Negro delavado,https://static.pullandbear.net/assets/public/66f8/487b/8111418aa843/926a9114cbb2/07685502833-C/07685502833-C.jpg?ts=1721819492921&w=106&f=auto,7685/507,07685507,1030204730,In stock,Negro,Pantalón,Blanco,Modelo
Jeans baggy flecos,https://www.pullandbear.com/es/jeans-baggy-flecos-l03683525?cS=415&pelement=662027022,https://static.pullandbear.net/assets/public/6aec/366c/91e242a49ed6/c5da539981b2/03683525415-m/03683525415-m.jpg?ts=1738573491101&w=438&f=auto,https://static.pullandbear.net/assets/public/5fc5/b997/172d436d92c8/369701aca933/03683525415-A2M/03683525415-A2M.jpg?ts=1738573487177&w=438&f=auto,39.99,"Jeans baggy con detalles desflecados, cintura con trabillas, bolsillos, y cierre de cremallera y botón.",,,,39.99,Azul flúor,https://static.pullandbear.net/assets/public/4198/d4d1/04084e2c9501/392f4aaebf29/03683525415-C/03683525415-C.jpg?ts=1738071804487&w=106&f=auto,3683/525,03683525,1030204730,In stock,Azul claro,Pantalón,Blanco,Modelo
Jeans loose fit,https://www.pullandbear.com/es/jeans-loose-fit-l03683508?cS=833&pelement=662026878,https://static.pullandbear.net/assets/public/6645/45ab/1da64a55af8f/95301d3acd2d/03683508833-M/03683508833-M.jpg?ts=1736762037476&w=438&f=auto,https://static.pullandbear.net/assets/public/8916/25bb/8f1240409044/aedd9a99971b/03683508833-A2M/03683508833-A2M.jpg?ts=1736760584576&w=438&f=auto,29.99,"Jeans loose fit con diseño de cinco bolsillos, con cintura con trabillas, cierre de botón y cremallera y confeccionados en tejido de algodón.",,,,29.99,Negro delavado,https://static.pullandbear.net/assets/public/8c95/28f6/a1b7445fa7c9/8b06e66c7b5c/03683508833-C/03683508833-C.jpg?ts=1736770203770&w=106&f=auto,3683/508,03683508,1030204730,In stock,Negro,Pantalón,Blanco,Modelo
Jeans baggy jacquard,https://www.pullandbear.com/es/jeans-baggy-jacquard-l03683515?cS=427&pelement=662026749,https://static.pullandbear.net/assets/public/4104/d414/80f146568893/9277125a3faf/03683515427-M/03683515427-M.jpg?ts=1737369664446&w=438&f=auto,https://static.pullandbear.net/assets/public/60e0/e05b/0543475e8e80/bb5207915f0f/03683515427-A2M/03683515427-A2M.jpg?ts=1737369664307&w=438&f=auto,35.99,"Jeans baggy en tejido jacquard, cintura de trabillas, diseño de cinco bolsillos y cierre de botón y cremallera.",,,,35.99,Azul medio,https://static.pullandbear.net/assets/public/a9d9/fa7f/50c24afead46/571d5cb470b6/03683515427-C/03683515427-C.jpg?ts=1736339497775&w=106&f=auto,3683/515,03683515,1030204730,In stock,Azul,Pantalón,Blanco,Modelo
Jeans slim,https://www.pullandbear.com/es/jeans-slim-l03687507?cS=427&pelement=662021490,https://static.pullandbear.net/assets/public/dfd4/3d6d/7f404ed9b25b/171b2b2d5171/03687507427-M/03687507427-M.jpg?ts=1737382504242&w=438&f=auto,https://static.pullandbear.net/assets/public/29aa/509a/897440be81be/2e1205fc69fd/03687507427-A2M/03687507427-A2M.jpg?ts=1737382504065&w=438&f=auto,25.99,"Jeans slim fit con diseño de cinco bolsillos, cintura con trabillas, cierre de botón y cremallera, confeccionados en algodón ligeramente elástico.",,,,25.99,Azul medio,https://static.pullandbear.net/assets/public/d639/4ae2/c7d64d20ad03/80d1b85e61ed/03687507427-C/03687507427-C.jpg?ts=1733332563064&w=106&f=auto,3687/507,03687507,1030204730,In stock,Azul,Pantalón,Blanco,Modelo
Jeans slim,https://www.pullandbear.com/es/jeans-slim-l03687507?cS=415&pelement=662021489,https://static.pullandbear.net/assets/public/810e/1248/dba745f5a1dd/1b65ba1ce80f/03687507415-M/03687507415-M.jpg?ts=1737382504387&w=438&f=auto,https://static.pullandbear.net/assets/public/ada4/92d2/8ee440e5b17b/08389f61421d/03687507415-A2M/03687507415-A2M.jpg?ts=1737454518561&w=438&f=auto,25.99,"Jeans slim fit con diseño de cinco bolsillos, cintura con trabillas, cierre de botón y cremallera, confeccionados en algodón ligeramente elástico.",,,,25.99,Azul flúor,https://static.pullandbear.net/assets/public/d8b6/11c7/24b94beaacb9/65d9ce10cb38/03687507415-C/03687507415-C.jpg?ts=1733332548177&w=106&f=auto,3687/507,03687507,1030204730,In stock,Azul claro,Pantalón,Blanco,Modelo
Jeans cargo superbaggy,https://www.pullandbear.com/es/jeans-cargo-superbaggy-l03683523?cS=833&pelement=662014173,https://static.pullandbear.net/assets/public/bcc0/7389/91844866a58f/fa59885006de/03683523833-M/03683523833-M.jpg?ts=1738573487411&w=438&f=auto,https://static.pullandbear.net/assets/public/a8b4/e4cf/ab664cc6a024/901e4b155111/03683523833-A2M/03683523833-A2M.jpg?ts=1738573482942&w=438&f=auto,45.99,"Jeans cargo superbaggy con cintura con trabillas, bolsillos, y cierre de cremallera y botón.",,,,45.99,Negro delavado,https://static.pullandbear.net/assets/public/44c3/5930/94e644ab83e0/833c325afd0b/03683523833-C/03683523833-C.jpg?ts=1737652984592&w=106&f=auto,3683/523,03683523,1030204730,In stock,Negro,Pantalón,Blanco,Modelo
Jeans straight vintage,https://www.pullandbear.com/es/jeans-straight-vintage-l03687504?cS=434&pelement=662020713,https://static.pullandbear.net/assets/public/4603/47b6/88d64e19b99e/7ff4289b50dc/03687504434-M/03687504434-M.jpg?ts=1737374619586&w=438&f=auto,https://static.pullandbear.net/assets/public/b1d6/cdbe/8d8a4c76958f/debda1588f28/03687504434-A2M/03687504434-A2M.jpg?ts=1737374620133&w=438&f=auto,25.99,"Jeans straight con acabado lavado, diseño de cinco bolsillos, cintura con trabillas, cierre de botón y cremallera y confeccionados en algodón.",,,,25.99,Indigo claro,https://static.pullandbear.net/assets/public/eb1c/c4ab/e80f429f8dee/25a37501c850/03687504434-C/03687504434-C.jpg?ts=1733419475545&w=106&f=auto,3687/504,03687504,1030204730,In stock,Azul claro,Pantalón,Blanco,Modelo
Jeans skater,https://www.pullandbear.com/es/jeans-skater-l03683547?cS=500&pelement=669538744,https://static.pullandbear.net/assets/public/178c/63c9/44e942c7a96e/98652d79489b/03683547500-M/03683547500-M.jpg?ts=1737370190465&w=438&f=auto,https://static.pullandbear.net/assets/public/244b/e91b/e8fd4662a38d/84c9c64801e0/03683547500-A6M/03683547500-A6M.jpg?ts=1736864317589&w=438&f=auto,35.99,"Jeans skater con cintura de trabillas, cierre de botón y cremallera, confeccionados en algodón.",,,,35.99,Verde,https://static.pullandbear.net/assets/public/8ec4/883d/87da49f7b9df/9a79c211f696/03683547500-c/03683547500-c.jpg?ts=1736864350862&w=106&f=auto,3683/547,03683547,1030204730,In stock,Verde,Pantalón,Blanco,Modelo
Jeans baggy acabado spray,https://www.pullandbear.com/es/jeans-baggy-acabado-spray-l03683546?cS=700&pelement=669335696,https://static.pullandbear.net/assets/public/c428/a95c/fa2a434cae79/782d2ad1e53b/03683546700-M/03683546700-M.jpg?ts=1737714078529&w=438&f=auto,https://static.pullandbear.net/assets/public/c0b5/dd90/96b74e53be17/e7799dc7e66c/03683546700-A2M/03683546700-A2M.jpg?ts=1737714077991&w=438&f=auto,39.99,"Jeans baggy negros con acabado spray y el interior azul, con diseño de cinco bolsillos, cintura con trabillas, cierre de botón y cremallera y en 100% algodón.",,,,39.99,Marrón,https://static.pullandbear.net/assets/public/0865/8e29/ea0643cea9bb/14b17440beb3/03683546700-C/03683546700-C.jpg?ts=1737122644326&w=106&f=auto,3683/546,03683546,1030204730,In stock,Marrón,Pantalón,Blanco,Modelo
Jeans super baggy acabado lavado,https://www.pullandbear.com/es/jeans-super-baggy-acabado-lavado-l03683506?cS=800&pelement=662014932,https://static.pullandbear.net/assets/public/7ccb/b711/87464ae2b97f/9a67b3c317a7/07685938800-A1M/07685938800-A1M.jpg?ts=1732710446754&w=438&f=auto,https://static.pullandbear.net/assets/public/f36c/09ce/1f4f457ba45d/7efff9a8c19b/07685938800-M/07685938800-M.jpg?ts=1732710469396&w=438&f=auto,35.99,"Jeans super baggy disponibles en varios tonos con acabado lavado, con diseño de cinco bolsillos, cintura con trabillas, cierre de botón y cremallera y confeccionados en algodón.",,,,35.99,Negro,https://static.pullandbear.net/assets/public/aa4f/aef2/99d94428b368/322bfe50091f/07685938800-C/07685938800-C.jpg?ts=1732622851652&w=106&f=auto,3683/506,03683506,1030204730,In stock,Negro,Pantalón,Blanco,Modelo
Jeans relaxed rotos,https://www.pullandbear.com/es/jeans-relaxed-rotos-l07684521?cS=406&pelement=626560961,https://static.pullandbear.net/assets/public/e9a4/319e/283e4d9f9c95/fe88ef6da58d/07684521406-A1M/07684521406-A1M.jpg?ts=1726657606396&w=438&f=auto,https://static.pullandbear.net/assets/public/4919/a94a/a06744e789ec/6ccbbd5ec977/07684521406-m/07684521406-m.jpg?ts=1726657615221&w=438&f=auto,12.99,"Jeans relaxed con detalle de rotos en la pernera, con diseño de cinco bolsillos, cintura con trabillas, cierre de botón y cremallera y confeccionados en algodón.",12.99,15.99,29.99,12.99,Azul claro,https://static.pullandbear.net/assets/public/d723/4738/60754385a194/25d7f2a8769e/07684521406-C/07684521406-C.jpg?ts=1724774259656&w=106&f=auto,7684/521,07684521,1030204730,In stock,Azul claro,Pantalón,Blanco,Modelo
Pantalón pijamero rayas,https://www.pullandbear.com/es/pantalon-pijamero-rayas-l07678533?cS=700&pelement=628169764,https://static.pullandbear.net/assets/public/9a05/99de/bfa64b0e9f40/4107e2959749/07678533700-A1M/07678533700-A1M.jpg?ts=1720715500232&w=438&f=auto,https://static.pullandbear.net/assets/public/eb5e/8d87/1b014faf90c7/59b4b982d6b4/07678533700-M/07678533700-M.jpg?ts=1720715499970&w=438&f=auto,9.99,Pantalón jogger de rayas estilo pijamero con cintura elástica con cordón y confeccionado en tejido 100% algodón.,9.99,12.99,29.99,9.99,Marrón,https://static.pullandbear.net/assets/public/d35b/8fa5/0e5c42759298/640476952bdf/07678533700-C/07678533700-C.jpg?ts=1720789447944&w=106&f=auto,7678/533,07678533,1030204719,In stock,Marrón,Pantalón,Blanco,Modelo
Jeans carrot acabado lavado,https://www.pullandbear.com/es/jeans-carrot-acabado-lavado-l03685511?cS=415&pelement=621956613,https://static.pullandbear.net/assets/public/050e/1f9b/5222446da540/62cadd04b32b/07685507415-A1M/07685507415-A1M.jpg?ts=1722951624455&w=438&f=auto,https://static.pullandbear.net/assets/public/3329/c34c/8eca4d838e72/e9c6c52a6c14/07685507415-M/07685507415-M.jpg?ts=1722951685047&w=438&f=auto,12.99,"Jeans carrot fit con acabado lavado, diseño de cinco bolsillos, cintura con trabillas, cierre de botón y cremallera y en algodón ligeramente elástico.",12.99,15.99,19.99,12.99,Azul claro,https://static.pullandbear.net/assets/public/eced/d880/f2d544e5b670/2a005e6ce51b/07685502406-C/07685502406-C.jpg?ts=1720012375429&w=106&f=auto,3685/511,03685511,1030204730,In stock,Azul claro,Pantalón,Blanco,Modelo
Jeans standard,https://www.pullandbear.com/es/jeans-standard-l03684511?cS=427&pelement=621948178,https://static.pullandbear.net/assets/public/e803/9f0a/6dd845f69302/ce8e06e91e43/07686509427-A1M/07686509427-A1M.jpg?ts=1725003384085&w=438&f=auto,https://static.pullandbear.net/assets/public/4931/b51d/2670457e967e/671025723f13/07686509427-M/07686509427-M.jpg?ts=1725003387112&w=438&f=auto,12.99,"Jeans standard fit con diseño de cinco bolsillos, cintura con trabillas, cierre de botón y cremallera y confeccionados en algodón.",12.99,15.99,25.99,12.99,Azul medio,https://static.pullandbear.net/assets/public/7481/5b66/cf804346b839/11da803c98cc/07686509427-C/07686509427-C.jpg?ts=1724949401920&w=106&f=auto,3684/511,03684511,1030204730,In stock,Azul,Pantalón,Blanco,Modelo
Jeans standard rotos,https://www.pullandbear.com/es/jeans-standard-rotos-l07684520?cS=833&pelement=630858122,https://static.pullandbear.net/assets/public/9511/de35/bd124bfc9ee0/d8a2f248bb37/07684520833-A1M/07684520833-A1M.jpg?ts=1724669634614&w=438&f=auto,https://static.pullandbear.net/assets/public/4a89/7fc9/b2754d199530/892758e58204/07684520833-M/07684520833-M.jpg?ts=1724669636368&w=438&f=auto,12.99,"Jeans standard fit disponibles en varios tonos, con detalle de rotos en la pernera, diseño de cinco bolsillos, cintura con trabillas, cierre de botón y cremallera y confeccionados en tejido 100% algodón.",12.99,15.99,29.99,12.99,Negro delavado,https://static.pullandbear.net/assets/public/a55f/9288/fa4a4c5484c2/0aba5064da38/07684520833-C/07684520833-C.jpg?ts=1724151046199&w=106&f=auto,7684/520,07684520,1030204730,In stock,Negro,Pantalón,Blanco,Modelo
